銘柄コード,銘柄名,市場名,日経225採用銘柄
1301,(株)極洋,東証1部,
1332,日本水産(株),東証1部,1
1333,マルハニチロ(株),東証1部,1
1352,(株)ホウスイ,東証1部,
1376,カネコ種苗(株),東証1部,
1377,(株)サカタのタネ,東証1部,
1379,ホクト(株),東証1部,
1380,(株)秋川牧園,東証JQS,
1381,(株)アクシーズ,東証JQS,
1382,(株)ホーブ,東証JQS,
1383,ベルグアース(株),東証JQS,
1384,(株)ホクリヨウ,東証1部,
1400,ルーデン・ホールディングス(株),東証JQG,
1401,(株)エムビーエス,マザーズ,
1407,(株)ウエストホールディングス,東証JQS,
1408,サムシングホールディングス(株),東証JQG,
1413,(株)桧家ホールディングス,東証2部,
1414,ショーボンドホールディングス(株),東証1部,
1417,(株)ミライト・ホールディングス,東証1部,
1418,インターライフホールディングス(株),東証JQS,
1419,タマホーム(株),東証1部,
1420,サンヨーホームズ(株),東証1部,
1429,(株)日本アクア,マザーズ,
1430,ファーストコーポレーション(株),東証1部,
1431,(株)エスケーホーム,福岡Q,
1433,ベステラ(株),マザーズ,
1434,ＪＥＳＣＯホールディングス(株),東証2部,
1435,(株)インベスターズクラウド,東証1部,
1436,(株)フィット,マザーズ,
1438,(株)岐阜造園,名証2部,
1439,(株)安江工務店,東証JQS,
1491,中外鉱業(株),東証2部,
1514,住石ホールディングス(株),東証1部,
1515,日鉄鉱業(株),東証1部,
1518,三井松島産業(株),東証1部,
1605,国際石油開発帝石(株),東証1部,1
1606,日本海洋掘削(株),東証1部,
1662,石油資源開発(株),東証1部,
1663,Ｋ＆Ｏエナジーグループ(株),東証1部,
1711,(株)省電舎ホールディングス,東証2部,
1712,(株)ダイセキ環境ソリューション,東証1部,
1716,第一カッター興業(株),東証JQS,
1717,明豊ファシリティワークス(株),東証JQS,
1718,美樹工業(株),東証JQS,
1719,安藤ハザマ,東証1部,
1720,東急建設(株),東証1部,
1721,コムシスホールディングス(株),東証1部,1
1722,ミサワホーム(株),東証1部,
1723,日本電技(株),東証JQS,
1724,シンクレイヤ(株),東証JQS,
1726,(株)ビーアールホールディングス,東証1部,
1728,ミサワホーム中国(株),東証JQS,
1730,麻生フオームクリート(株),東証JQS,
1734,(株)北弘電社,札証,
1736,(株)オーテック,東証JQS,
1737,三井金属エンジニアリング(株),東証2部,
1738,(株)ＮＩＴＴＯＨ,名証2部,
1739,シード平和(株),東証JQG,
1743,コーアツ工業(株),東証2部,
1757,クレアホールディングス(株),東証2部,
1758,太洋基礎工業(株),東証JQS,
1762,(株)高松コンストラクショングループ,東証1部,
1764,工藤建設(株),東証2部,
1766,東建コーポレーション(株),東証1部,
1768,(株)ソネック,東証1部,
1770,藤田エンジニアリング(株),東証JQS,
1771,日本乾溜工業(株),福証,
1773,ＹＴＬ,東証外国,
1775,富士古河Ｅ＆Ｃ(株),東証2部,
1776,三井住建道路(株),東証2部,
1777,川崎設備工業(株),名証2部,
1780,(株)ヤマウラ,東証1部,
1782,常磐開発(株),東証JQS,
1783,(株)アジアゲートホールディングス,東証JQS,
1787,(株)ナカボーテック,東証JQS,
1788,(株)三東工業社,東証JQS,
1789,山加電業(株),東証JQS,
1793,(株)大本組,東証JQS,
1795,(株)マサル,東証JQS,
1798,(株)守谷商会,東証JQS,
1799,第一建設工業(株),東証JQS,
1801,大成建設(株),東証1部,1
1802,(株)大林組,東証1部,1
1803,清水建設(株),東証1部,1
1805,飛島建設(株),東証1部,
1807,(株)佐藤渡辺,東証JQS,
1808,(株)長谷工コーポレーション,東証1部,1
1810,松井建設(株),東証1部,
1811,(株)錢高組,東証1部,
1812,鹿島,東証1部,1
1813,(株)不動テトラ,東証1部,
1814,大末建設(株),東証1部,
1815,鉄建建設(株),東証1部,
1820,西松建設(株),東証1部,
1821,三井住友建設(株),東証1部,
1822,大豊建設(株),東証1部,
1824,前田建設工業(株),東証1部,
1826,佐田建設(株),東証1部,
1827,(株)ナカノフドー建設,東証1部,
1828,田辺工業(株),東証2部,
1832,北海電気工事(株),札証,
1833,(株)奥村組,東証1部,
1835,東鉄工業(株),東証1部,
1840,(株)土屋ホールディングス,東証2部,
1841,サンユー建設(株),東証JQS,
1844,(株)大盛工業,東証2部,
1846,鈴縫工業(株),東証2部,
1847,(株)イチケン,東証1部,
1848,(株)富士ピー・エス,東証2部,
1850,南海辰村建設(株),東証2部,
1852,(株)淺沼組,東証1部,
1853,(株)森組,東証2部,
1860,戸田建設(株),東証1部,
1861,(株)熊谷組,東証1部,
1865,青木あすなろ建設(株),東証1部,
1866,北野建設(株),東証1部,
1867,(株)植木組,東証1部,
1868,三井ホーム(株),東証1部,
1869,名工建設(株),名証2部,
1870,矢作建設工業(株),東証1部,
1871,(株)ピーエス三菱,東証1部,
1873,(株)日本ハウスホールディングス,東証1部,
1878,大東建託(株),東証1部,
1879,新日本建設(株),東証1部,
1881,(株)ＮＩＰＰＯ,東証1部,
1882,東亜道路工業(株),東証1部,
1883,前田道路(株),東証1部,
1884,日本道路(株),東証1部,
1885,東亜建設工業(株),東証1部,
1888,若築建設(株),東証1部,
1890,東洋建設(株),東証1部,
1892,徳倉建設(株),名証2部,
1893,五洋建設(株),東証1部,
1896,大林道路(株),東証1部,
1897,金下建設(株),東証2部,
1898,世紀東急工業(株),東証1部,
1899,(株)福田組,東証1部,
1904,大成温調(株),東証JQS,
1905,(株)テノックス,東証JQS,
1906,(株)細田工務店,東証JQS,
1909,日本ドライケミカル(株),東証1部,
1911,住友林業(株),東証1部,
1914,日本基礎技術(株),東証1部,
1916,日成ビルド工業(株),東証1部,
1919,(株)ヤマダ・エスバイエルホーム,東証1部,
1921,(株)巴コーポレーション,東証1部,
1924,パナホーム(株),東証1部,
1925,大和ハウス工業(株),東証1部,1
1926,ライト工業(株),東証1部,
1928,積水ハウス(株),東証1部,1
1929,日特建設(株),東証1部,
1930,北陸電気工事(株),東証1部,
1931,日本電通(株),東証2部,
1933,(株)ＳＹＳＫＥＮ,東証2部,
1934,(株)ユアテック,東証1部,
1935,(株)ＴＴＫ,東証2部,
1936,シーキューブ(株),名証1部,
1937,西部電気工業(株),東証1部,
1938,日本リーテック(株),東証2部,
1939,(株)四電工,東証1部,
1941,(株)中電工,東証1部,
1942,(株)関電工,東証1部,
1944,(株)きんでん,東証1部,
1945,(株)東京エネシス,東証1部,
1946,(株)トーエネック,東証1部,
1948,(株)弘電社,東証2部,
1949,住友電設(株),東証1部,
1950,日本電設工業(株),東証1部,
1951,(株)協和エクシオ,東証1部,
1952,新日本空調(株),東証1部,
1954,日本工営(株),東証1部,
1956,ＮＤＳ(株),東証1部,
1959,(株)九電工,東証1部,
1960,(株)サンテック,東証2部,
1961,三機工業(株),東証1部,
1963,日揮(株),東証1部,1
1964,中外炉工業(株),東証1部,
1965,(株)テクノ菱和,東証2部,
1966,(株)高田工業所,東証2部,
1967,(株)ヤマト,東証1部,
1968,太平電業(株),東証1部,
1969,高砂熱学工業(株),東証1部,
1971,中央ビルト工業(株),東証2部,
1972,三晃金属工業(株),東証1部,
1973,ＮＥＣネッツエスアイ(株),東証1部,
1975,(株)朝日工業社,東証1部,
1976,明星工業(株),東証1部,
1979,(株)大気社,東証1部,
1980,ダイダン(株),東証1部,
1981,(株)協和日成,東証JQS,
1982,日比谷総合設備(株),東証1部,
1983,東芝プラントシステム(株),東証1部,
1984,三信建設工業(株),東証JQS,
1987,(株)ソルコム,東証2部,
1989,北陸電話工事(株),東証2部,
1992,神田通信機(株),東証JQS,
1994,高橋カーテンウォール工業(株),東証JQS,
1997,暁飯島工業(株),東証JQS,
1999,サイタホールディングス(株),福証,
2001,日本製粉(株),東証1部,
2002,(株)日清製粉グループ本社,東証1部,1
2003,日東富士製粉(株),東証1部,
2004,昭和産業(株),東証1部,
2008,(株)増田製粉所,東証2部,
2009,鳥越製粉(株),東証1部,
2053,中部飼料(株),東証1部,
2055,日和産業(株),東証2部,
2058,(株)ヒガシマル,福証,
2060,フィード・ワン(株),東証1部,
2107,東洋精糖(株),東証1部,
2108,日本甜菜製糖(株),東証1部,
2109,三井製糖(株),東証1部,
2112,塩水港精糖(株),東証1部,
2114,フジ日本精糖(株),東証2部,
2117,日新製糖(株),東証1部,
2120,(株)ＬＩＦＵＬＬ,東証1部,
2121,(株)ミクシィ,マザーズ,
2122,(株)インタースペース,マザーズ,
2124,ＪＡＣ　Ｒｅｃｒｕｉｔｍｅｎｔ,東証1部,
2127,(株)日本Ｍ＆Ａセンター,東証1部,
2130,(株)メンバーズ,東証1部,
2134,燦キャピタルマネージメント(株),東証JQS,
2136,(株)ヒップ,東証JQS,
2137,(株)光ハイツ・ヴェラス,札幌ア,
2138,クルーズ(株),東証JQS,
2139,(株)中広,東証1部,
2144,(株)やまねメディカル,東証JQG,
2145,データリンクス(株),東証JQS,
2146,ＵＴグループ(株),東証JQS,
2148,アイティメディア(株),マザーズ,
2150,(株)ケアネット,マザーズ,
2151,(株)タケエイ,東証1部,
2152,幼児活動研究会(株),東証JQS,
2153,Ｅ・Ｊホールディングス(株),東証2部,
2154,(株)トラスト・テック,東証1部,
2156,セーラー広告(株),東証JQS,
2157,(株)コシダカホールディングス,東証1部,
2158,(株)ＦＲＯＮＴＥＯ,マザーズ,
2159,(株)フルスピード,マザーズ,
2160,(株)ジーエヌアイグループ,マザーズ,
2162,ｎｍｓホールディングス(株),東証JQS,
2163,(株)アルトナー,東証JQS,
2164,(株)地域新聞社,東証JQG,
2168,(株)パソナグループ,東証1部,
2169,ＣＤＳ(株),東証1部,
2170,(株)リンクアンドモチベーション,東証1部,
2172,(株)インサイト,札幌ア,
2173,(株)博展,東証JQG,
2174,ＧＣＡ(株),東証1部,
2175,(株)エス・エム・エス,東証1部,
2176,(株)イナリサーチ,東証JQS,
2178,(株)トライステージ,マザーズ,
2179,(株)成学社,東証JQS,
2180,(株)サニーサイドアップ,東証JQG,
2181,パーソルホールディングス(株),東証1部,
2183,(株)リニカル,東証1部,
2185,(株)シイエム・シイ,東証JQS,
2186,ソーバル(株),東証JQS,
2191,テラ(株),東証JQS,
2193,クックパッド(株),東証1部,
2195,アミタホールディングス(株),東証JQG,
2196,(株)エスクリ,東証1部,
2198,アイ・ケイ・ケイ(株),東証1部,
2201,森永製菓(株),東証1部,
2204,(株)中村屋,東証1部,
2206,江崎グリコ(株),東証1部,
2207,名糖産業(株),東証1部,
2208,(株)ブルボン,東証2部,
2209,井村屋グループ(株),東証2部,
2211,(株)不二家,東証1部,
2212,山崎製パン(株),東証1部,
2215,第一屋製パン(株),東証1部,
2216,カンロ(株),東証2部,
2217,モロゾフ(株),東証1部,
2218,日糧製パン(株),札証,
2220,亀田製菓(株),東証1部,
2221,岩塚製菓(株),東証JQS,
2222,寿スピリッツ(株),東証1部,
2224,(株)コモ,東証JQS,
2226,(株)湖池屋,東証JQS,
2228,(株)シベール,東証JQS,
2229,カルビー(株),東証1部,
2264,森永乳業(株),東証1部,
2266,六甲バター(株),東証1部,
2267,(株)ヤクルト本社,東証1部,
2268,Ｂ?Ｒ　サーティワン　アイスクリーム(株),東証JQS,
2269,明治ホールディングス(株),東証1部,1
2270,雪印メグミルク(株),東証1部,
2281,プリマハム(株),東証1部,
2282,日本ハム(株),東証1部,1
2286,林兼産業(株),東証1部,
2288,丸大食品(株),東証1部,
2291,福留ハム(株),東証2部,
2292,Ｓ　ＦＯＯＤＳ(株),東証1部,
2293,滝沢ハム(株),東証JQS,
2294,(株)柿安本店,東証JQS,
2296,伊藤ハム米久ホールディングス(株),東証1部,
2300,(株)きょくとう,東証JQS,
2301,(株)学情,東証1部,
2303,(株)ドーン,東証JQS,
2304,(株)ＣＳＳホールディングス,東証JQS,
2305,(株)スタジオアリス,東証1部,
2307,(株)クロスキャット,東証JQS,
2309,シミックホールディングス(株),東証1部,
2311,(株)エプコ,東証JQS,
2315,(株)カイカ,東証JQS,
2317,(株)システナ,東証1部,
2321,(株)ソフトフロントホールディングス,東証JQG,
2323,(株)ｆｏｎｆｕｎ,東証JQS,
2325,(株)ＮＪＳ,東証1部,
2326,デジタルアーツ(株),東証1部,
2327,新日鉄住金ソリューションズ(株),東証1部,
2329,(株)東北新社,東証JQS,
2330,(株)フォーサイド,東証JQS,
2331,ＡＬＳＯＫ,東証1部,
2332,(株)クエスト,東証JQS,
2335,(株)キューブシステム,東証1部,
2337,いちご(株),東証1部,
2338,(株)ファステップス,東証2部,
2340,(株)極楽湯ホールディングス,東証JQS,
2341,(株)アルバイトタイムス,東証JQS,
2342,(株)トランスジェニック,マザーズ,
2344,平安レイサービス(株),東証JQS,
2345,アイスタディ(株),東証2部,
2349,(株)エヌアイデイ,東証JQS,
2351,(株)ＡＳＪ,マザーズ,
2352,(株)エイジア,東証2部,
2353,日本駐車場開発(株),東証1部,
2354,安川情報システム(株),東証2部,
2359,(株)コア,東証1部,
2362,(株)夢真ホールディングス,東証JQS,
2370,(株)メディネット,マザーズ,
2371,(株)カカクコム,東証1部,
2372,(株)アイロムグループ,東証1部,
2373,(株)ケア２１,東証JQS,
2374,セントケア・ホールディング(株),東証1部,
2375,スリープログループ(株),東証2部,
2376,(株)サイネックス,東証1部,
2378,(株)ルネサンス,東証1部,
2379,ディップ(株),東証1部,
2384,ＳＢＳホールディングス(株),東証1部,
2385,(株)総医研ホールディングス,マザーズ,
2388,(株)ウェッジホールディングス,東証JQG,
2389,(株)オプトホールディング,東証1部,
2391,(株)プラネット,東証JQS,
2393,(株)日本ケアサプライ,東証2部,
2395,(株)新日本科学,東証1部,
2397,(株)ＤＮＡチップ研究所,東証2部,
2398,(株)ツクイ,東証1部,
2402,(株)アマナ,マザーズ,
2404,(株)鉄人化計画,東証2部,
2405,(株)フジコー,東証2部,
2406,(株)アルテ　サロン　ホールディングス,東証JQS,
2408,(株)ＫＧ情報,東証JQS,
2410,(株)キャリアデザインセンター,東証1部,
2411,ゲンダイエージェンシー(株),東証JQS,
2412,(株)ベネフィット・ワン,東証2部,
2413,エムスリー(株),東証1部,
2415,ヒューマンホールディングス(株),東証JQS,
2417,(株)ツヴァイ,東証2部,
2418,(株)ツカダ・グローバルホールディング,東証1部,
2424,(株)ブラス,東証1部,
2425,(株)ケアサービス,東証JQG,
2427,(株)アウトソーシング,東証1部,
2428,ウェルネット(株),東証1部,
2429,(株)ワールドホールディングス,東証1部,
2432,(株)ディー・エヌ・エー,東証1部,1
2433,(株)博報堂ＤＹホールディングス,東証1部,
2435,(株)シダー,東証JQS,
2436,共同ピーアール(株),東証JQS,
2437,シンワアートオークション(株),東証JQS,
2438,(株)アスカネット,マザーズ,
2440,(株)ぐるなび,東証1部,
2445,エスアールジータカミヤ(株),東証1部,
2449,(株)プラップジャパン,東証JQS,
2453,ジャパンベストレスキューシステム(株),東証1部,
2454,(株)オールアバウト,東証JQS,
2458,(株)夢テクノロジー,東証JQS,
2459,アウンコンサルティング(株),東証2部,
2461,(株)ファンコミュニケーションズ,東証1部,
2462,ライク(株),東証1部,
2464,(株)ビジネス・ブレークスルー,東証1部,
2467,(株)バルクホールディングス,名古屋セ,
2468,(株)フュートレック,東証2部,
2469,ヒビノ(株),東証JQS,
2471,(株)エスプール,東証JQS,
2475,ＷＤＢホールディングス(株),東証1部,
2477,比較．ｃｏｍ(株),マザーズ,
2479,(株)ジェイテック,東証JQG,
2480,システム・ロケーション(株),東証JQS,
2481,(株)タウンニュース社,東証JQS,
2483,(株)翻訳センター,東証JQS,
2484,夢の街創造委員会(株),東証JQS,
2485,(株)ティア,東証1部,
2487,(株)ＣＤＧ,東証1部,
2488,日本サード・パーティ(株),東証JQS,
2489,(株)アドウェイズ,マザーズ,
2491,バリューコマース(株),東証1部,
2492,(株)インフォマート,東証1部,
2493,イーサポートリンク(株),東証JQS,
2497,ユナイテッド(株),マザーズ,
2498,(株)ＡＣＫグループ,東証JQS,
2499,日本和装ホールディングス(株),東証2部,
2501,サッポロホールディングス(株),東証1部,1
2502,アサヒグループホールディングス(株),東証1部,1
2503,キリンホールディングス(株),東証1部,1
2531,宝ホールディングス(株),東証1部,1
2533,オエノンホールディングス(株),東証1部,
2538,ジャパン・フード＆リカー・アライアンス(株),東証2部,
2540,養命酒製造(株),東証1部,
2551,マルサンアイ(株),名証2部,
2573,北海道コカ・コーラボトリング(株),東証2部,
2579,コカ・コーラボトラーズジャパン(株),東証1部,
2586,(株)フルッタフルッタ,マザーズ,
2587,サントリー食品インターナショナル(株),東証1部,
2588,(株)プレミアムウォーターホールディングス,東証2部,
2590,ダイドーグループホールディングス(株),東証1部,
2593,(株)伊藤園,東証1部,
2594,キーコーヒー(株),東証1部,
2597,(株)ユニカフェ,東証1部,
2599,ジャパンフーズ(株),東証1部,
2602,日清オイリオグループ(株),東証1部,
2607,不二製油グループ本社(株),東証1部,
2608,ボーソー油脂(株),東証2部,
2612,かどや製油(株),東証1部,
2613,(株)Ｊ?オイルミルズ,東証1部,
2651,(株)ローソン,東証1部,
2652,(株)まんだらけ,東証2部,
2653,イオン九州(株),東証JQS,
2654,(株)アスモ,東証2部,
2655,マックスバリュ東北(株),東証2部,
2656,(株)ベクター,東証JQS,
2659,(株)サンエー,東証1部,
2664,(株)カワチ薬品,東証1部,
2666,(株)オートウェーブ,東証JQS,
2667,(株)イメージ　ワン,東証JQS,
2668,タビオ(株),東証2部,
2669,カネ美食品(株),東証JQS,
2670,(株)エービーシー・マート,東証1部,
2673,夢みつけ隊(株),東証JQS,
2674,(株)ハードオフコーポレーション,東証1部,
2675,(株)ダイナック,東証2部,
2676,高千穂交易(株),東証1部,
2678,アスクル(株),東証1部,
2681,(株)ゲオホールディングス,東証1部,
2683,(株)魚喜,東証2部,
2685,(株)アダストリア,東証1部,
2686,(株)ジーフット,東証1部,
2687,(株)シー・ヴイ・エス・ベイエリア,東証1部,
2689,(株)カワニシホールディングス,東証2部,
2692,伊藤忠食品(株),東証1部,
2693,ＹＫＴ(株),東証JQS,
2694,(株)ジー・テイスト,東証JQS,
2695,(株)くらコーポレーション,東証1部,
2698,(株)キャンドゥ,東証1部,
2700,木徳神糧(株),東証JQS,
2702,日本マクドナルドホールディングス(株),東証JQS,
2703,日本ライトン(株),東証JQS,
2705,(株)大戸屋ホールディングス,東証JQS,
2706,(株)ブロッコリー,東証JQS,
2708,(株)久世,東証JQS,
2714,プラマテルズ(株),東証JQS,
2715,エレマテック(株),東証1部,
2719,(株)キタムラ,東証2部,
2721,(株)ジェイホールディングス,東証JQS,
2722,(株)アイケイ,東証JQS,
2726,(株)パルグループホールディングス,東証1部,
2729,(株)ＪＡＬＵＸ,東証1部,
2730,(株)エディオン,東証1部,
2733,(株)あらた,東証1部,
2734,(株)サーラコーポレーション,東証1部,
2735,(株)ワッツ,東証1部,
2736,(株)サダマツ,東証JQS,
2737,(株)トーメンデバイス,東証1部,
2742,(株)ハローズ,東証1部,
2743,ピクセルカンパニーズ(株),東証JQS,
2747,北雄ラッキー(株),東証JQS,
2749,(株)ＪＰホールディングス,東証1部,
2750,石光商事(株),東証JQS,
2751,(株)テンポスバスターズ,東証JQS,
2752,(株)フジオフードシステム,東証JQS,
2753,(株)あみやき亭,東証1部,
2754,(株)東葛ホールディングス,東証JQS,
2760,東京エレクトロン　デバイス(株),東証1部,
2761,トシン・グループ(株),東証JQS,
2762,(株)三光マーケティングフーズ,東証2部,
2763,(株)エフティグループ,東証JQS,
2764,(株)ひらまつ,東証1部,
2767,フィールズ(株),東証1部,
2768,双日(株),東証1部,1
2769,(株)ヴィレッジヴァンガードコーポレーション,東証JQS,
2772,ゲンキー(株),東証1部,
2773,(株)ミューチュアル,東証JQS,
2776,(株)クリムゾン,東証JQS,
2777,(株)カッシーナ・イクスシー,東証JQS,
2778,(株)パレモ,東証JQS,
2780,(株)コメ兵,東証2部,
2782,(株)セリア,東証JQS,
2784,アルフレッサ　ホールディングス(株),東証1部,
2788,アップルインターナショナル(株),東証2部,
2789,(株)カルラ,東証JQS,
2790,(株)ナフコ,東証JQS,
2791,大黒天物産(株),東証1部,
2792,(株)ハニーズホールディングス,東証1部,
2795,日本プリメックス(株),東証JQS,
2796,ファーマライズホールディングス(株),東証1部,
2798,(株)ワイズテーブルコーポレーション,東証2部,
2801,キッコーマン(株),東証1部,1
2802,味の素(株),東証1部,1
2804,ブルドックソース(株),東証2部,
2805,ヱスビー食品(株),東証2部,
2806,ユタカフーズ(株),東証2部,
2809,キユーピー(株),東証1部,
2810,ハウス食品グループ本社(株),東証1部,
2811,カゴメ(株),東証1部,
2812,焼津水産化学工業(株),東証1部,
2813,和弘食品(株),東証JQS,
2814,佐藤食品工業(株),東証JQS,
2815,アリアケジャパン(株),東証1部,
2816,(株)ダイショー,東証2部,
2818,(株)ピエトロ,東証1部,
2819,エバラ食品工業(株),東証1部,
2820,(株)やまみ,東証JQS,
2830,アヲハタ(株),東証2部,
2831,はごろもフーズ(株),東証2部,
2871,(株)ニチレイ,東証1部,1
2872,(株)セイヒョー,東証2部,
2874,ヨコレイ,東証1部,
2875,東洋水産(株),東証1部,
2876,(株)ジェーシー・コムサ,東証JQS,
2877,日東ベスト(株),東証JQS,
2882,イートアンド(株),東証1部,
2883,(株)大冷,東証1部,
2884,(株)ヨシムラ・フード・ホールディングス,東証1部,
2892,日本食品化工(株),東証2部,
2894,石井食品(株),東証2部,
2897,日清食品ホールディングス(株),東証1部,
2899,(株)永谷園ホールディングス,東証1部,
2901,石垣食品(株),東証JQS,
2902,太陽化学(株),名証2部,
2903,シノブフーズ(株),東証2部,
2904,一正蒲鉾(株),東証1部,
2905,オーケー食品工業(株),東証JQS,
2907,(株)あじかん,東証2部,
2908,フジッコ(株),東証1部,
2910,(株)ロック・フィールド,東証1部,
2911,旭松食品(株),東証2部,
2914,ＪＴ,東証1部,1
2915,ケンコーマヨネーズ(株),東証1部,
2916,仙波糖化工業(株),東証JQS,
2917,(株)大森屋,東証JQS,
2918,わらべや日洋ホールディングス(株),東証1部,
2919,(株)マルタイ,福証,
2922,(株)なとり,東証1部,
2923,サトウ食品工業(株),東証2部,
2924,イフジ産業(株),東証1部,
2925,(株)ピックルスコーポレーション,東証2部,
2926,(株)篠崎屋,東証2部,
2927,(株)ＡＦＣ?ＨＤアムスライフサイエンス,東証JQS,
2928,ＲＩＺＡＰグループ(株),札幌ア,
2929,(株)ファーマフーズ,東証2部,
2930,(株)北の達人コーポレーション,東証1部,
2931,(株)ユーグレナ,東証1部,
3001,片倉工業(株),東証1部,
3002,グンゼ(株),東証1部,
3003,ヒューリック(株),東証1部,
3004,神栄(株),東証1部,
3010,価値開発(株),東証2部,
3011,(株)バナーズ,東証2部,
3020,アプライド(株),東証JQS,
3021,(株)パシフィックネット,東証2部,
3022,山下医科器械(株),東証1部,
3023,ラサ商事(株),東証1部,
3024,クリエイト(株),東証JQS,
3028,(株)アルペン,東証1部,
3030,(株)ハブ,東証2部,
3031,(株)ラクーン,東証1部,
3032,(株)ゴルフ・ドゥ,名古屋セ,
3034,クオール(株),東証1部,
3035,ケイティケイ(株),東証JQS,
3036,アルコニックス(株),東証1部,
3038,(株)神戸物産,東証1部,
3040,(株)ソリトンシステムズ,東証2部,
3041,(株)ビューティ花壇,東証2部,
3042,(株)セキュアヴェイル,東証JQG,
3045,(株)カワサキ,東証2部,
3046,(株)ジンズ,東証1部,
3047,(株)ＴＲＵＣＫ?ＯＮＥ,福岡Q,
3048,(株)ビックカメラ,東証1部,
3050,ＤＣＭホールディングス(株),東証1部,
3053,(株)ペッパーフードサービス,東証2部,
3054,(株)ハイパー,東証JQS,
3055,(株)ほくやく・竹山ホールディングス,札証,
3057,(株)ゼットン,名古屋セ,
3058,(株)三洋堂ホールディングス,東証JQS,
3059,ヒラキ(株),東証2部,
3063,(株)ジェイグループホールディングス,マザーズ,
3064,(株)ＭｏｎｏｔａＲＯ,東証1部,
3065,(株)ライフフーズ,東証JQS,
3066,(株)ＪＢイレブン,名証2部,
3067,(株)東京一番フーズ,東証1部,
3068,(株)ＷＤＩ,東証JQS,
3069,(株)アスラポート・ダイニング,東証JQS,
3070,(株)アマガサ,東証JQG,
3071,(株)ストリーム,マザーズ,
3073,(株)ダイヤモンドダイニング,東証1部,
3075,(株)銚子丸,東証JQS,
3076,あい　ホールディングス(株),東証1部,
3077,ホリイフードサービス(株),東証JQS,
3079,ディーブイエックス(株),東証1部,
3080,(株)ジェーソン,東証JQS,
3082,(株)きちり,東証1部,
3083,(株)シーズメン,東証JQS,
3085,アークランドサービスホールディングス(株),東証1部,
3086,Ｊ．フロント　リテイリング(株),東証1部,1
3087,(株)ドトール・日レスホールディングス,東証1部,
3088,(株)マツモトキヨシホールディングス,東証1部,
3089,テクノアルファ(株),東証JQS,
3091,(株)ブロンコビリー,東証1部,
3092,(株)スタートトゥデイ,東証1部,
3093,(株)トレジャー・ファクトリー,東証1部,
3094,(株)スーパーバリュー,東証JQS,
3096,(株)オーシャンシステム,東証JQS,
3097,(株)物語コーポレーション,東証1部,
3098,(株)ココカラファイン,東証1部,
3099,(株)三越伊勢丹ホールディングス,東証1部,1
3101,東洋紡(株),東証1部,1
3103,ユニチカ(株),東証1部,1
3104,富士紡ホールディングス(株),東証1部,
3105,日清紡ホールディングス(株),東証1部,1
3106,クラボウ,東証1部,
3107,ダイワボウホールディングス(株),東証1部,
3109,シキボウ(株),東証1部,
3110,日東紡,東証1部,
3111,オーミケンシ(株),東証2部,
3113,Ｏａｋ　キャピタル(株),東証2部,
3116,トヨタ紡織(株),東証1部,
3121,マーチャント・バンカーズ(株),東証2部,
3123,サイボー(株),東証2部,
3125,新内外綿(株),東証2部,
3131,シンデン・ハイテックス(株),東証JQS,
3132,マクニカ・富士エレホールディングス(株),東証1部,
3133,(株)海帆,マザーズ,
3134,Ｈａｍｅｅ(株),東証1部,
3135,(株)マーケットエンタープライズ,マザーズ,
3136,(株)エコノス,札幌ア,
3137,(株)ファンデリー,マザーズ,
3138,(株)富士山マガジンサービス,マザーズ,
3139,(株)ラクト・ジャパン,東証2部,
3140,(株)イデアインターナショナル,東証JQG,
3141,ウエルシアホールディングス(株),東証1部,
3143,オーウイル(株),東証2部,
3148,(株)クリエイトＳＤホールディングス,東証1部,
3150,(株)グリムス,東証JQS,
3151,(株)バイタルケーエスケー・ホールディングス,東証1部,
3153,八洲電機(株),東証1部,
3154,メディアスホールディングス(株),東証1部,
3156,(株)ＵＫＣホールディングス,東証1部,
3157,ジューテックホールディングス(株),東証2部,
3159,丸善ＣＨＩホールディングス(株),東証1部,
3160,(株)大光,東証1部,
3161,アゼアス(株),東証2部,
3165,(株)フーマイスターエレクトロニクス,東証JQS,
3166,ＯＣＨＩホールディングス(株),東証1部,
3167,(株)ＴＯＫＡＩホールディングス,東証1部,
3168,黒谷(株),東証2部,
3169,(株)ミサワ,東証1部,
3171,マックスバリュ九州(株),東証JQS,
3172,ティーライフ(株),東証1部,
3173,大阪工機(株),東証1部,
3174,(株)ハピネス・アンド・ディ,東証JQS,
3175,(株)エー・ピーカンパニー,東証1部,
3176,三洋貿易(株),東証1部,
3177,(株)ありがとうサービス,東証JQS,
3178,チムニー(株),東証1部,
3179,シュッピン(株),東証1部,
3180,(株)ビューティガレージ,東証1部,
3181,(株)買取王国,東証JQS,
3182,オイシックスドット大地(株),マザーズ,
3183,ウイン・パートナーズ(株),東証1部,
3184,ＩＣＤＡホールディングス(株),東証2部,
3185,夢展望(株),マザーズ,
3186,(株)ネクステージ,東証1部,
3187,(株)サンワカンパニー,マザーズ,
3189,(株)ＡＮＡＰ,東証JQS,
3190,(株)ホットマン,東証JQS,
3191,(株)ジョイフル本田,東証1部,
3192,(株)白鳩,東証JQS,
3193,(株)鳥貴族,東証1部,
3194,(株)キリン堂ホールディングス,東証1部,
3195,(株)ジェネレーションパス,マザーズ,
3196,(株)ホットランド,東証1部,
3197,(株)すかいらーく,東証1部,
3198,ＳＦＰホールディングス(株),東証2部,
3199,綿半ホールディングス(株),東証1部,
3201,ニッケ,東証1部,
3202,ダイトウボウ(株),東証1部,
3204,(株)トーア紡コーポレーション,東証1部,
3205,(株)ダイドーリミテッド,東証1部,
3209,カネヨウ(株),東証2部,
3221,(株)ヨシックス,東証1部,
3222,ユナイテッド・スーパーマーケット・ホールディングス(株),東証1部,
3223,(株)エスエルディー,東証JQS,
3224,(株)ゼネラル・オイスター,マザーズ,
3226,日本アコモデーションファンド投資法人,東証,
3227,MCUBS MidCity投資法人,東証,
3228,(株)三栄建築設計,東証1部,
3229,日本コマーシャル投資法人,東証,
3230,スター・マイカ(株),東証1部,
3231,野村不動産ホールディングス(株),東証1部,
3232,三重交通グループホールディングス(株),東証1部,
3234,森ヒルズリート投資法人,東証,
3236,(株)プロパスト,東証JQS,
3237,(株)イントランス,マザーズ,
3238,セントラル総合開発(株),東証2部,
3240,野村不動産レジデンシャル投資法人,東証,
3241,(株)ウィル,東証2部,
3242,(株)アーバネットコーポレーション,東証JQS,
3244,サムティ(株),東証1部,
3245,(株)ディア・ライフ,東証1部,
3246,(株)コーセーアールイー,東証2部,
3248,(株)アールエイジ,マザーズ,
3249,産業ファンド投資法人,東証,
3250,(株)エー・ディー・ワークス,東証1部,
3252,日本商業開発(株),東証1部,
3254,(株)プレサンスコーポレーション,東証1部,
3258,ユニゾホールディングス(株),東証1部,
3260,(株)エスポア,名古屋セ,
3261,(株)グランディーズ,マザーズ,
3263,大和ハウスリート投資法人（旧）,東証,
3264,(株)アスコット,東証JQS,
3266,(株)ファンドクリエーショングループ,東証JQS,
3267,(株)フィル・カンパニー,マザーズ,
3269,アドバンス・レジデンス投資法人,東証,
3271,(株)ＴＨＥグローバル社,東証1部,
3275,ハウスコム(株),東証JQS,
3276,日本管理センター(株),東証1部,
3277,(株)サンセイランディック,東証1部,
3278,ケネディクス・レジデンシャル投資法人,東証,
3279,アクティビア・プロパティーズ投資法人,東証,
3280,(株)エストラスト,東証1部,
3281,ＧＬＰ投資法人,東証,
3282,コンフォリア・レジデンシャル投資法人,東証,
3283,日本プロロジスリート投資法人,東証,
3284,(株)フージャースホールディングス,東証1部,
3285,野村不動産マスターファンド投資法人（旧）,東証,
3286,トラストホールディングス(株),マザーズ,
3287,星野リゾート・リート投資法人,東証,
3288,(株)オープンハウス,東証1部,
3289,東急不動産ホールディングス(株),東証1部,1
3290,Oneリート投資法人,東証,
3291,飯田グループホールディングス(株),東証1部,
3292,イオンリート投資法人,東証,
3293,アズマハウス(株),東証JQS,
3294,(株)イーグランド,東証2部,
3295,ヒューリックリート投資法人,東証,
3296,日本リート投資法人,東証,
3297,(株)東武住販,東証JQS,
3298,インベスコ・オフィス・ジェイリート投資法人,東証,
3299,(株)ムゲンエステート,東証1部,
3300,(株)ＡＭＢＩＴＩＯＮ,マザーズ,
3302,帝国繊維(株),東証1部,
3306,日本製麻(株),東証2部,
3308,日本ヘルスケア投資法人,東証,
3309,積水ハウス・リート投資法人,東証,
3313,ブックオフコーポレーション(株),東証1部,
3315,日本コークス工業(株),東証1部,
3316,東京日産コンピュータシステム(株),東証JQS,
3317,(株)フライングガーデン,東証JQS,
3318,(株)メガネスーパー,東証JQS,
3319,(株)ゴルフダイジェスト・オンライン,東証1部,
3320,クロスプラス(株),東証2部,
3321,ミタチ産業(株),東証1部,
3322,アルファグループ(株),東証JQS,
3323,レカム(株),東証JQS,
3326,(株)ランシステム,東証JQS,
3328,ＢＥＥＮＯＳ(株),東証1部,
3329,東和フードサービス(株),東証JQS,
3333,(株)あさひ,東証1部,
3341,日本調剤(株),東証1部,
3344,(株)ワンダーコーポレーション,東証JQS,
3346,２１ＬＡＤＹ(株),名古屋セ,
3347,(株)トラスト,東証2部,
3349,(株)コスモス薬品,東証1部,
3350,(株)レッド・プラネット・ジャパン,東証JQS,
3352,(株)バッファロー,東証JQS,
3353,(株)メディカル一光,東証JQS,
3355,クリヤマホールディングス(株),東証2部,
3356,(株)テリロジー,東証JQS,
3358,ワイエスフード(株),東証JQS,
3359,(株)タイセイ,マザーズ,
3360,シップヘルスケアホールディングス(株),東証1部,
3361,(株)トーエル,東証1部,
3366,(株)一六堂,東証1部,
3370,(株)フジタコーポレーション,東証JQS,
3371,(株)ソフトクリエイトホールディングス,東証1部,
3372,(株)関門海,東証2部,
3374,内外テック(株),東証JQS,
3375,(株)ＺＯＡ,東証JQS,
3376,(株)オンリー,東証1部,
3377,(株)バイク王＆カンパニー,東証2部,
3382,(株)セブン＆アイ・ホールディングス,東証1部,1
3384,(株)アークコア,名古屋セ,
3385,(株)薬王堂,東証1部,
3386,コスモ・バイオ(株),東証JQS,
3387,(株)クリエイト・レストランツ・ホールディングス,東証1部,
3388,明治電機工業(株),東証1部,
3390,ＩＮＥＳＴ(株),東証JQS,
3391,(株)ツルハホールディングス,東証1部,
3392,デリカフーズ(株),東証1部,
3393,スターティア(株),東証1部,
3395,(株)サンマルクホールディングス,東証1部,
3396,(株)フェリシモ,東証1部,
3397,(株)トリドールホールディングス,東証1部,
3399,(株)丸千代山岡家,東証JQS,
3401,帝人(株),東証1部,1
3402,東レ(株),東証1部,1
3405,(株)クラレ,東証1部,1
3407,旭化成(株),東証1部,1
3408,サカイオーベックス(株),東証1部,
3409,北日本紡績(株),東証2部,
3415,(株)ＴＯＫＹＯ　ＢＡＳＥ,東証1部,
3416,ピクスタ(株),マザーズ,
3417,大木ヘルスケアホールディングス(株),東証JQS,
3418,(株)バルニバービ,マザーズ,
3419,アートグリーン(株),名古屋セ,
3420,(株)ケー・エフ・シー,東証2部,
3421,(株)稲葉製作所,東証1部,
3422,(株)丸順,名証2部,
3423,(株)エスイー,東証JQS,
3424,ミヤコ(株),東証JQS,
3426,アトムリビンテック(株),東証JQS,
3431,宮地エンジニアリンググループ(株),東証1部,
3433,トーカロ(株),東証1部,
3434,(株)アルファ,東証1部,
3435,サンコーテクノ(株),東証2部,
3436,(株)ＳＵＭＣＯ,東証1部,1
3437,特殊電極(株),東証JQS,
3439,(株)三ツ知,東証JQS,
3440,日創プロニティ(株),福岡Q,
3441,(株)山王,東証JQS,
3442,(株)ＭＩＥコーポレーション,名証2部,
3443,川田テクノロジーズ(株),東証1部,
3444,(株)菊池製作所,東証JQS,
3445,(株)ＲＳ　Ｔｅｃｈｎｏｌｏｇｉｅｓ,東証1部,
3451,トーセイ・リート投資法人,東証,
3452,(株)ビーロット,マザーズ,
3453,ケネディクス商業リート投資法人,東証,
3454,ファーストブラザーズ(株),東証1部,
3455,ヘルスケア＆メディカル投資法人,東証,
3457,(株)ハウスドゥ,東証1部,
3458,(株)シーアールイー,東証1部,
3459,サムティ・レジデンシャル投資法人,東証,
3460,ジャパン・シニアリビング投資法人,東証,
3461,(株)パルマ,マザーズ,
3462,野村不動産マスターファンド投資法人,東証,
3463,いちごホテルリート投資法人,東証,
3464,プロパティエージェント(株),東証JQS,
3465,ケイアイスター不動産(株),東証1部,
3466,ラサールロジポート投資法人,東証,
3467,アグレ都市デザイン(株),東証JQS,
3468,スターアジア不動産投資法人,東証,
3469,(株)デュアルタップ,東証JQS,
3470,マリモ地方創生リート投資法人,東証,
3471,三井不動産ロジスティクスパーク投資法人,東証,
3472,大江戸温泉リート投資法人,東証,
3473,さくら総合リート投資法人,東証,
3474,Ｇ?ＦＡＣＴＯＲＹ(株),マザーズ,
3475,(株)グッドコムアセット,東証2部,
3476,投資法人みらい,東証,
3477,フォーライフ(株),マザーズ,
3478,森トラスト・ホテルリート投資法人,東証,
3479,(株)ティーケーピー,マザーズ,
3480,(株)ジェイ・エス・ビー,,
3501,住江織物(株),東証1部,
3504,(株)丸八ホールディングス,名証2部,
3512,日本フエルト(株),東証1部,
3513,イチカワ(株),東証1部,
3515,(株)フジコー,東証JQS,
3521,エコナックホールディングス(株),東証1部,
3524,日東製網(株),東証1部,
3526,芦森工業(株),東証1部,
3528,(株)プロスペクト,東証2部,
3529,アツギ(株),東証1部,
3536,アクサスホールディングス(株),東証JQS,
3537,昭栄薬品(株),東証JQS,
3538,(株)ウイルプラスホールディングス,東証JQS,
3539,(株)ジャパンミート,東証2部,
3541,(株)農業総合研究所,マザーズ,
3542,(株)ベガコーポレーション,マザーズ,
3543,(株)コメダホールディングス,東証1部,
3544,サツドラホールディングス(株),東証1部,
3545,(株)デファクトスタンダード,マザーズ,
3546,ダイユー・リックホールディングス(株),東証1部,
3547,(株)串カツ田中,マザーズ,
3548,(株)バロックジャパンリミテッド,東証1部,
3549,(株)クスリのアオキホールディングス,東証1部,
3550,(株)スタジオアタオ,マザーズ,
3551,ダイニック(株),東証1部,
3553,共和レザー(株),東証1部,
3556,リネットジャパングループ(株),マザーズ,
3557,ユナイテッド＆コレクティブ(株),マザーズ,
3558,(株)ロコンド,マザーズ,
3559,(株)ピーバンドットコム,マザーズ,
3560,(株)ほぼ日,東証JQS,
3561,(株)力の源ホールディングス,マザーズ,
3562,(株)Ｎｏ．１,東証JQS,
3563,(株)スシローグローバルホールディングス,東証1部,
3564,(株)ＬＩＸＩＬビバ,東証1部,
3565,アセンテック(株),マザーズ,
3566,ユニフォームネクスト(株),,
3569,セーレン(株),東証1部,
3571,(株)ソトー,東証1部,
3577,東海染工(株),東証1部,
3578,倉庫精練(株),東証2部,
3580,小松精練(株),東証1部,
3583,オーベクス(株),東証2部,
3591,(株)ワコールホールディングス,東証1部,
3593,(株)ホギメディカル,東証1部,
3597,(株)自重堂,東証2部,
3598,山喜(株),東証2部,
3600,(株)フジックス,東証2部,
3604,川本産業(株),東証2部,
3606,(株)レナウン,東証1部,
3607,(株)クラウディア,東証1部,
3608,(株)ＴＳＩホールディングス,東証1部,
3622,ネットイヤーグループ(株),マザーズ,
3623,ビリングシステム(株),マザーズ,
3624,アクセルマーク(株),マザーズ,
3625,テックファームホールディングス(株),東証JQG,
3626,ＴＩＳ(株),東証1部,
3627,ネオス(株),東証1部,
3628,(株)データホライゾン,マザーズ,
3630,(株)電算システム,東証1部,
3632,グリー(株),東証1部,
3633,ＧＭＯペパボ(株),東証JQS,
3634,(株)ソケッツ,マザーズ,
3635,(株)コーエーテクモホールディングス,東証1部,
3636,(株)三菱総合研究所,東証1部,
3639,(株)ボルテージ,東証1部,
3640,(株)電算,東証1部,
3641,(株)パピレス,東証JQS,
3645,(株)メディカルネット,マザーズ,
3646,(株)駅探,マザーズ,
3647,(株)ジー・スリーホールディングス,東証2部,
3648,ＡＧＳ(株),東証1部,
3649,(株)ファインデックス,東証1部,
3652,(株)ディジタルメディアプロフェッショナル,マザーズ,
3653,(株)モルフォ,マザーズ,
3654,(株)ヒト・コミュニケーションズ,東証1部,
3655,(株)ブレインパッド,東証1部,
3656,ＫＬａｂ(株),東証1部,
3657,ポールトゥウィン・ピットクルーホールディングス(株),東証1部,
3658,(株)イーブックイニシアティブジャパン,東証1部,
3659,(株)ネクソン,東証1部,
3660,(株)アイスタイル,東証1部,
3661,(株)エムアップ,東証1部,
3662,(株)エイチーム,東証1部,
3663,アートスパークホールディングス(株),東証2部,
3664,(株)モブキャスト,マザーズ,
3665,(株)エニグモ,マザーズ,
3666,(株)テクノスジャパン,東証1部,
3667,(株)ｅｎｉｓｈ,東証1部,
3668,(株)コロプラ,東証1部,
3669,モバイルクリエイト(株),東証1部,
3670,協立情報通信(株),東証JQS,
3671,ソフトマックス(株),マザーズ,
3672,(株)オルトプラス,東証1部,
3673,(株)ブロードリーフ,東証1部,
3674,(株)オークファン,マザーズ,
3675,(株)クロス・マーケティンググループ,マザーズ,
3676,(株)ハーツユナイテッドグループ,東証1部,
3677,(株)システム情報,東証JQS,
3678,(株)メディアドゥ,東証1部,
3679,(株)じげん,マザーズ,
3680,(株)ホットリンク,マザーズ,
3681,(株)ブイキューブ,東証1部,
3682,エンカレッジ・テクノロジ(株),マザーズ,
3683,(株)サイバーリンクス,東証1部,
3685,(株)みんなのウェディング,マザーズ,
3686,(株)ディー・エル・イー,東証1部,
3687,(株)フィックスターズ,東証1部,
3688,(株)ＶＯＹＡＧＥ　ＧＲＯＵＰ,東証1部,
3689,(株)イグニス,マザーズ,
3690,(株)ロックオン,マザーズ,
3691,(株)リアルワールド,マザーズ,
3692,(株)ＦＦＲＩ,マザーズ,
3694,(株)オプティム,東証1部,
3695,ＧＭＯリサーチ(株),マザーズ,
3696,(株)セレス,東証1部,
3697,(株)ＳＨＩＦＴ,マザーズ,
3698,(株)ＣＲＩ・ミドルウェア,マザーズ,
3708,特種東海製紙(株),東証1部,
3710,ジョルダン(株),東証JQS,
3711,(株)創通,東証JQS,
3712,(株)情報企画,東証2部,
3719,(株)ジェクシード,東証JQS,
3723,日本ファルコム(株),マザーズ,
3724,(株)ベリサーブ,東証1部,
3726,(株)フォーシーズホールディングス,東証2部,
3727,(株)アプリックス,マザーズ,
3733,(株)ソフトウェア・サービス,東証JQS,
3738,(株)ティーガイア,東証1部,
3739,コムシード(株),名古屋セ,
3741,(株)セック,東証2部,
3742,ＩＴｂｏｏｋ(株),マザーズ,
3744,サイオステクノロジー(株),東証2部,
3747,(株)インタートレード,東証2部,
3750,セブンシーズホールディングス(株),東証2部,
3751,日本アジアグループ(株),東証1部,
3753,(株)フライトホールディングス,東証2部,
3754,エキサイト(株),東証JQS,
3756,(株)豆蔵ホールディングス,東証1部,
3758,(株)アエリア,東証JQS,
3760,(株)ケイブ,東証JQS,
3762,テクマトリックス(株),東証1部,
3763,(株)プロシップ,東証2部,
3765,ガンホー・オンライン・エンターテイメント(株),東証1部,
3766,システムズ・デザイン(株),東証JQS,
3768,リスクモンスター(株),東証2部,
3769,ＧＭＯペイメントゲートウェイ(株),東証1部,
3770,(株)ザッパラス,東証1部,
3771,(株)システムリサーチ,東証1部,
3772,ウェルス・マネジメント(株),東証2部,
3773,(株)アドバンスト・メディア,マザーズ,
3774,(株)インターネットイニシアティブ,東証1部,
3775,(株)ガイアックス,名古屋セ,
3776,(株)ブロードバンドタワー,東証JQS,
3777,(株)ジオネクスト,東証JQG,
3778,さくらインターネット(株),東証1部,
3779,ジェイ・エスコム　ホールディングス(株),東証JQS,
3782,(株)ディー・ディー・エス,マザーズ,
3784,(株)ヴィンクス,東証2部,
3787,(株)テクノマセマティカル,東証2部,
3788,ＧＭＯクラウド(株),東証1部,
3791,(株)ＩＧポート,東証JQS,
3793,(株)ドリコム,マザーズ,
3794,エヌ・デーソフトウェア(株),東証2部,
3796,(株)いい生活,東証2部,
3798,ＵＬＳグループ(株),東証JQS,
3799,キーウェアソリューションズ(株),東証2部,
3800,(株)ユニリタ,東証JQS,
3802,(株)エコミック,札幌ア,
3803,イメージ情報開発(株),東証JQG,
3804,(株)システム　ディ,東証JQS,
3807,(株)フィスコ,東証JQG,
3808,(株)オウケイウェイヴ,名古屋セ,
3810,サイバーステップ(株),マザーズ,
3814,(株)アルファクス・フード・システム,東証JQG,
3815,(株)メディア工房,マザーズ,
3816,(株)大和コンピューター,東証JQS,
3817,(株)ＳＲＡホールディングス,東証1部,
3822,(株)Ｍｉｎｏｒｉソリューションズ,東証1部,
3823,(株)アクロディア,マザーズ,
3824,メディアファイブ(株),福岡Q,
3825,(株)リミックスポイント,マザーズ,
3826,(株)システムインテグレータ,東証1部,
3830,(株)ギガプライズ,名古屋セ,
3834,(株)朝日ネット,東証1部,
3835,ｅＢＡＳＥ(株),東証2部,
3836,(株)アバント,東証JQG,
3837,アドソル日進(株),東証1部,
3839,(株)ＯＤＫソリューションズ,東証JQS,
3840,パス(株),マザーズ,
3841,(株)ジーダット,東証JQS,
3842,(株)ネクストジェン,東証JQG,
3843,フリービット(株),東証1部,
3844,コムチュア(株),東証1部,
3845,(株)アイフリークモバイル,東証JQS,
3847,パシフィックシステム(株),東証JQS,
3848,(株)データ・アプリケーション,東証JQS,
3849,日本テクノ・ラボ(株),札幌ア,
3850,(株)ＮＴＴデータイントラマート,マザーズ,
3851,(株)日本一ソフトウェア,東証JQS,
3852,サイバーコム(株),東証1部,
3853,インフォテリア(株),マザーズ,
3854,(株)アイル,東証JQG,
3856,Ａｂａｌａｎｃｅ(株),マザーズ,
3857,(株)ラック,東証JQS,
3858,(株)ユビキタス,東証JQS,
3861,王子ホールディングス(株),東証1部,1
3863,日本製紙(株),東証1部,1
3864,三菱製紙(株),東証1部,
3865,北越紀州製紙(株),東証1部,1
3877,中越パルプ工業(株),東証1部,
3878,(株)巴川製紙所,東証1部,
3880,大王製紙(株),東証1部,
3891,ニッポン高度紙工業(株),東証JQS,
3892,(株)岡山製紙,東証JQS,
3895,ハビックス(株),東証JQS,
3896,阿波製紙(株),東証1部,
3900,(株)クラウドワークス,マザーズ,
3901,マークラインズ(株),東証JQS,
3902,メディカル・データ・ビジョン(株),東証1部,
3903,(株)ｇｕｍｉ,東証1部,
3904,(株)カヤック,マザーズ,
3905,データセクション(株),マザーズ,
3906,(株)ＡＬＢＥＲＴ,マザーズ,
3907,シリコンスタジオ(株),マザーズ,
3908,(株)コラボス,マザーズ,
3909,(株)ショーケース・ティービー,東証1部,
3910,(株)エムケイシステム,東証JQS,
3911,(株)Ａｉｍｉｎｇ,マザーズ,
3912,(株)モバイルファクトリー,東証1部,
3913,(株)ｓＭｅｄｉｏ,マザーズ,
3914,ＪＩＧ?ＳＡＷ(株),マザーズ,
3915,(株)テラスカイ,マザーズ,
3916,デジタル・インフォメーション・テクノロジー(株),東証1部,
3917,(株)アイリッジ,マザーズ,
3918,ＰＣＩホールディングス(株),東証1部,
3919,パイプドＨＤ(株),東証1部,
3920,アイビーシー(株),東証1部,
3921,(株)ネオジャパン,マザーズ,
3922,(株)ＰＲ　ＴＩＭＥＳ,マザーズ,
3923,(株)ラクス,マザーズ,
3924,(株)ランドコンピュータ,東証2部,
3925,(株)ダブルスタンダード,マザーズ,
3926,(株)オープンドア,東証1部,
3927,(株)アークン,マザーズ,
3928,(株)マイネット,マザーズ,
3929,ソーシャルワイヤー(株),マザーズ,
3930,(株)はてな,マザーズ,
3931,(株)バリューゴルフ,マザーズ,
3932,(株)アカツキ,マザーズ,
3933,チエル(株),東証JQS,
3934,(株)ベネフィットジャパン,マザーズ,
3935,(株)エディア,マザーズ,
3936,(株)グローバルウェイ,マザーズ,
3937,(株)Ｕｂｉｃｏｍホールディングス,マザーズ,
3938,ＬＩＮＥ(株),東証1部,
3939,(株)カナミックネットワーク,マザーズ,
3940,(株)ノムラシステムコーポレーション,東証JQS,
3941,レンゴー(株),東証1部,
3943,大石産業(株),福証,
3944,古林紙工(株),東証2部,
3945,スーパーバッグ(株),東証2部,
3946,(株)トーモク,東証1部,
3947,ダイナパック(株),東証2部,
3948,光ビジネスフォーム(株),東証JQS,
3950,ザ・パック(株),東証1部,
3951,朝日印刷(株),東証2部,
3952,中央紙器工業(株),名証2部,
3953,大村紙業(株),東証JQS,
3954,昭和パックス(株),東証JQS,
3955,(株)イムラ封筒,東証2部,
3956,国際チャート(株),東証JQS,
3960,(株)バリューデザイン,マザーズ,
3961,シルバーエッグ・テクノロジー(株),マザーズ,
3962,(株)チェンジ,マザーズ,
3963,(株)シンクロ・フード,マザーズ,
3964,(株)オークネット,東証1部,
3965,(株)キャピタル・アセット・プランニング,東証JQS,
3966,(株)ユーザベース,マザーズ,
3967,(株)エルテス,マザーズ,
3968,セグエグループ(株),東証JQS,
3969,(株)エイトレッド,マザーズ,
3970,(株)イノベーション,マザーズ,
3974,(株)ティビィシィ・スキヤツト,東証JQS,
3975,ＡＯＩ　ＴＹＯ　Ｈｏｌｄｉｎｇｓ(株),東証1部,
3976,(株)シャノン,マザーズ,
3977,フュージョン(株),札幌ア,
3978,(株)マクロミル,東証1部,
3979,(株)うるる,マザーズ,
3981,(株)ビーグリー,マザーズ,
3983,(株)オロ,マザーズ,
3984,(株)ユーザーローカル,マザーズ,
3985,テモナ(株),マザーズ,
3986,(株)ビーブレイクシステムズ,マザーズ,
3987,エコモット(株),札幌ア,
3988,(株)ＳＹＳホールディングス,東証JQS,
3989,シェアリングテクノロジー(株),,
4004,昭和電工(株),東証1部,1
4005,住友化学(株),東証1部,1
4008,住友精化(株),東証1部,
4021,日産化学工業(株),東証1部,1
4022,ラサ工業(株),東証1部,
4023,(株)クレハ,東証1部,
4025,多木化学(株),東証1部,
4026,神島化学工業(株),東証2部,
4027,テイカ(株),東証1部,
4028,石原産業(株),東証1部,
4031,片倉コープアグリ(株),東証1部,
4033,日東エフシー(株),東証1部,
4041,日本曹達(株),東証1部,
4042,東ソー(株),東証1部,1
4043,(株)トクヤマ,東証1部,1
4044,セントラル硝子(株),東証1部,
4045,東亞合成(株),東証1部,
4046,(株)大阪ソーダ,東証1部,
4047,関東電化工業(株),東証1部,
4061,デンカ(株),東証1部,1
4062,イビデン(株),東証1部,
4063,信越化学工業(株),東証1部,1
4064,日本カーバイド工業(株),東証1部,
4078,堺化学工業(株),東証1部,
4080,(株)田中化学研究所,東証JQS,
4082,第一稀元素化学工業(株),東証2部,
4088,エア・ウォーター(株),東証1部,
4091,大陽日酸(株),東証1部,
4092,日本化学工業(株),東証1部,
4093,東邦アセチレン(株),東証1部,
4094,日本化学産業(株),東証2部,
4095,日本パーカライジング(株),東証1部,
4097,高圧ガス工業(株),東証1部,
4098,チタン工業(株),東証1部,
4099,四国化成工業(株),東証1部,
4100,戸田工業(株),東証1部,
4102,丸尾カルシウム(株),東証2部,
4107,伊勢化学工業(株),東証2部,
4109,ステラ　ケミファ(株),東証1部,
4112,保土谷化学工業(株),東証1部,
4113,田岡化学工業(株),東証2部,
4114,(株)日本触媒,東証1部,
4115,本州化学工業(株),東証2部,
4116,大日精化工業(株),東証1部,
4117,川崎化成工業(株),東証2部,
4118,(株)カネカ,東証1部,
4119,日本ピグメント(株),東証2部,
4120,スガイ化学工業(株),東証2部,
4151,協和発酵キリン(株),東証1部,1
4182,三菱ガス化学(株),東証1部,
4183,三井化学(株),東証1部,1
4185,ＪＳＲ(株),東証1部,
4186,東京応化工業(株),東証1部,
4187,大阪有機化学工業(株),東証1部,
4188,(株)三菱ケミカルホールディングス,東証1部,1
4189,ＫＨネオケム(株),東証1部,
4202,(株)ダイセル,東証1部,
4203,住友ベークライト(株),東証1部,
4204,積水化学工業(株),東証1部,
4205,日本ゼオン(株),東証1部,
4206,アイカ工業(株),東証1部,
4208,宇部興産(株),東証1部,1
4212,積水樹脂(株),東証1部,
4215,タキロンシーアイ(株),東証1部,
4216,旭有機材(株),東証1部,
4217,日立化成(株),東証1部,
4218,ニチバン(株),東証1部,
4220,リケンテクノス(株),東証1部,
4221,大倉工業(株),東証1部,
4222,児玉化学工業(株),東証2部,
4224,ロンシール工業(株),東証2部,
4228,積水化成品工業(株),東証1部,
4229,群栄化学工業(株),東証1部,
4231,タイガースポリマー(株),東証1部,
4234,(株)サンエー化研,東証JQS,
4235,第一化成(株),東証JQS,
4237,フジプレアム(株),東証JQS,
4238,ミライアル(株),東証1部,
4239,(株)ポラテクノ,東証JQS,
4240,クラスターテクノロジー(株),東証JQG,
4241,(株)アテクト,東証JQS,
4242,(株)タカギセイコー,東証JQS,
4243,(株)ニックス,東証JQS,
4245,(株)ダイキアクシス,東証1部,
4246,ダイキョーニシカワ(株),東証1部,
4247,ポバール興業(株),名証2部,
4248,竹本容器(株),東証1部,
4272,日本化薬(株),東証1部,1
4274,細谷火工(株),東証JQS,
4275,カーリットホールディングス(株),東証1部,
4282,ＥＰＳホールディングス(株),東証1部,
4284,(株)ソルクシーズ,東証1部,
4286,(株)レッグス,東証1部,
4287,(株)ジャストプランニング,東証JQS,
4288,(株)アズジェント,東証JQS,
4290,(株)プレステージ・インターナショナル,東証1部,
4291,(株)ＪＩＥＣ,東証2部,
4293,(株)セプテーニ・ホールディングス,東証JQS,
4295,(株)フェイス,東証1部,
4298,(株)プロトコーポレーション,東証JQS,
4299,(株)ハイマックス,東証1部,
4301,(株)アミューズ,東証1部,
4304,(株)Ｅストアー,東証JQS,
4307,(株)野村総合研究所,東証1部,
4308,(株)Ｊストリーム,マザーズ,
4310,(株)ドリームインキュベータ,東証1部,
4312,サイバネットシステム(株),東証1部,
4316,(株)ビーマップ,東証JQG,
4317,(株)レイ,東証JQS,
4318,(株)クイック,東証1部,
4319,ＴＡＣ(株),東証1部,
4320,(株)ＣＥホールディングス,東証1部,
4321,ケネディクス(株),東証1部,
4323,日本システム技術(株),東証1部,
4324,(株)電通,東証1部,1
4326,(株)インテージホールディングス,東証1部,
4327,日本エス・エイチ・エル(株),東証JQS,
4331,(株)テイクアンドギヴ・ニーズ,東証1部,
4333,(株)東邦システムサイエンス,東証1部,
4334,(株)ユークス,東証JQS,
4335,(株)アイ・ピー・エス,東証JQS,
4336,(株)クリエアナブキ,東証JQS,
4337,ぴあ(株),東証1部,
4341,西菱電機(株),東証2部,
4342,セコム上信越(株),東証2部,
4343,(株)イオンファンタジー,東証1部,
4344,ソースネクスト(株),東証1部,
4345,(株)シーティーエス,東証1部,
4346,(株)ネクシィーズグループ,東証1部,
4347,ブロードメディア(株),東証JQS,
4348,インフォコム(株),東証JQS,
4349,(株)テスク,名証2部,
4350,(株)メディカルシステムネットワーク,東証1部,
4351,(株)山田債権回収管理総合事務所,東証JQS,
4355,ロングライフホールディング(株),東証JQS,
4356,応用技術(株),東証JQS,
4361,川口化学工業(株),東証2部,
4362,日本精化(株),東証1部,
4364,マナック(株),東証2部,
4365,松本油脂製薬(株),東証JQS,
4366,ダイトーケミックス(株),東証2部,
4367,広栄化学工業(株),東証2部,
4368,扶桑化学工業(株),東証1部,
4369,(株)トリケミカル研究所,東証JQS,
4401,(株)ＡＤＥＫＡ,東証1部,
4403,日油(株),東証1部,
4404,ミヨシ油脂(株),東証1部,
4406,新日本理化(株),東証1部,
4409,東邦化学工業(株),東証2部,
4410,ハリマ化成グループ(株),東証1部,
4452,花王(株),東証1部,1
4461,第一工業製薬(株),東証1部,
4462,石原ケミカル(株),東証2部,
4463,日華化学(株),東証1部,
4464,(株)ソフト９９コーポレーション,東証2部,
4465,(株)ニイタカ,東証1部,
4471,三洋化成工業(株),東証1部,
4502,武田薬品工業(株),東証1部,1
4503,アステラス製薬(株),東証1部,1
4506,大日本住友製薬(株),東証1部,1
4507,塩野義製薬(株),東証1部,1
4508,田辺三菱製薬(株),東証1部,
4512,わかもと製薬(株),東証1部,
4514,あすか製薬(株),東証1部,
4516,日本新薬(株),東証1部,
4517,ビオフェルミン製薬(株),東証1部,
4519,中外製薬(株),東証1部,1
4521,科研製薬(株),東証1部,
4523,エーザイ(株),東証1部,1
4524,森下仁丹(株),東証2部,
4526,理研ビタミン(株),東証1部,
4527,ロート製薬(株),東証1部,
4528,小野薬品工業(株),東証1部,
4530,久光製薬(株),東証1部,
4531,有機合成薬品工業(株),東証1部,
4534,持田製薬(株),東証1部,
4536,参天製薬(株),東証1部,
4538,扶桑薬品工業(株),東証1部,
4539,日本ケミファ(株),東証1部,
4540,(株)ツムラ,東証1部,
4541,日医工(株),東証1部,
4543,テルモ(株),東証1部,1
4544,みらかホールディングス(株),東証1部,
4547,キッセイ薬品工業(株),東証1部,
4548,生化学工業(株),東証1部,
4549,栄研化学(株),東証1部,
4550,日水製薬(株),東証1部,
4551,鳥居薬品(株),東証1部,
4552,ＪＣＲファーマ(株),東証1部,
4553,東和薬品(株),東証1部,
4554,富士製薬工業(株),東証1部,
4555,沢井製薬(株),東証1部,
4556,(株)カイノス,東証JQS,
4557,(株)医学生物学研究所,東証JQS,
4558,(株)中京医薬品,東証JQS,
4559,ゼリア新薬工業(株),東証1部,
4563,アンジェス(株),マザーズ,
4564,オンコセラピー・サイエンス(株),マザーズ,
4565,そーせいグループ(株),マザーズ,
4568,第一三共(株),東証1部,1
4569,キョーリン製薬ホールディングス(株),東証1部,
4570,(株)免疫生物研究所,東証JQG,
4571,ナノキャリア(株),マザーズ,
4572,カルナバイオサイエンス(株),東証JQG,
4574,大幸薬品(株),東証1部,
4575,(株)キャンバス,マザーズ,
4576,(株)デ・ウエスタン・セラピテクス研究所,東証JQG,
4577,ダイト(株),東証1部,
4578,大塚ホールディングス(株),東証1部,1
4579,ラクオリア創薬(株),東証JQG,
4581,大正製薬ホールディングス(株),東証1部,
4582,シンバイオ製薬(株),東証JQG,
4583,(株)カイオム・バイオサイエンス,マザーズ,
4584,(株)ジーンテクノサイエンス,マザーズ,
4585,(株)ＵＭＮファーマ,マザーズ,
4586,(株)メドレックス,マザーズ,
4587,ペプチドリーム(株),東証1部,
4588,オンコリスバイオファーマ(株),マザーズ,
4591,(株)リボミック,マザーズ,
4592,サンバイオ(株),マザーズ,
4593,(株)ヘリオス,マザーズ,
4594,ブライトパス・バイオ(株),マザーズ,
4595,(株)ミズホメディー,東証JQS,
4596,窪田製薬ホールディングス(株),マザーズ,
4597,ソレイジア・ファーマ(株),マザーズ,
4611,大日本塗料(株),東証1部,
4612,日本ペイントホールディングス(株),東証1部,
4613,関西ペイント(株),東証1部,
4615,神東塗料(株),東証1部,
4616,川上塗料(株),東証2部,
4617,中国塗料(株),東証1部,
4619,日本特殊塗料(株),東証1部,
4620,藤倉化成(株),東証1部,
4621,ロックペイント(株),東証2部,
4623,(株)アサヒペン,東証2部,
4624,イサム塗料(株),東証2部,
4625,アトミクス(株),東証JQS,
4626,太陽ホールディングス(株),東証1部,
4627,ナトコ(株),東証JQS,
4628,エスケー化研(株),東証JQS,
4629,大伸化学(株),東証JQS,
4631,ＤＩＣ(株),東証1部,
4633,サカタインクス(株),東証1部,
4634,東洋インキＳＣホールディングス(株),東証1部,
4635,東京インキ(株),東証2部,
4636,(株)Ｔ＆Ｋ　ＴＯＫＡ,東証1部,
4640,アンドール(株),東証JQS,
4641,(株)アルプス技研,東証1部,
4642,オリジナル設計(株),東証2部,
4644,イマジニア(株),東証JQS,
4645,(株)市進ホールディングス,東証JQS,
4649,大成(株),名証2部,
4650,ＳＤエンターテイメント(株),東証JQS,
4651,(株)サニックス,東証1部,
4653,(株)ダイオーズ,東証1部,
4656,(株)サン・ライフ,東証JQS,
4657,(株)環境管理センター,東証JQS,
4658,日本空調サービス(株),東証1部,
4659,(株)エイジス,東証JQS,
4661,(株)オリエンタルランド,東証1部,
4662,(株)フォーカスシステムズ,東証1部,
4664,ＲＳＣ,東証JQS,
4665,(株)ダスキン,東証1部,
4666,パーク２４(株),東証1部,
4667,アイサンテクノロジー(株),東証JQS,
4668,(株)明光ネットワークジャパン,東証1部,
4669,(株)ニッパンレンタル,東証JQS,
4671,(株)ファルコホールディングス,東証1部,
4673,川崎地質(株),東証JQS,
4674,(株)クレスコ,東証1部,
4676,(株)フジ・メディア・ホールディングス,東証1部,
4678,(株)秀英予備校,東証1部,
4679,(株)田谷,東証1部,
4680,(株)ラウンドワン,東証1部,
4681,リゾートトラスト(株),東証1部,
4684,(株)オービック,東証1部,
4685,(株)菱友システムズ,東証JQS,
4686,(株)ジャストシステム,東証1部,
4687,ＴＤＣソフトウェアエンジニアリング(株),東証1部,
4689,ヤフー(株),東証1部,1
4690,日本パレットプール(株),東証JQS,
4694,(株)ビー・エム・エル,東証1部,
4695,(株)マイスターエンジニアリング,東証2部,
4696,ワタベウェディング(株),東証1部,
4699,ウチダエスコ(株),東証JQS,
4704,トレンドマイクロ(株),東証1部,1
4705,(株)クリップコーポレーション,東証JQS,
4707,(株)キタック,東証JQS,
4708,りらいあコミュニケーションズ(株),東証1部,
4709,(株)インフォメーション・ディベロプメント,東証1部,
4712,アドアーズ(株),東証JQS,
4714,(株)リソー教育,東証1部,
4716,日本オラクル(株),東証1部,
4718,(株)早稲田アカデミー,東証1部,
4719,(株)アルファシステムズ,東証1部,
4720,(株)城南進学研究社,東証JQS,
4722,フューチャー(株),東証1部,
4725,(株)ＣＡＣ　Ｈｏｌｄｉｎｇｓ,東証1部,
4726,ソフトバンク・テクノロジー(株),東証1部,
4728,(株)トーセ,東証1部,
4732,(株)ユー・エス・エス,東証1部,
4733,(株)オービックビジネスコンサルタント,東証1部,
4734,(株)ビーイング,東証JQS,
4735,(株)京進,東証2部,
4736,日本ラッド(株),東証JQS,
4739,伊藤忠テクノソリューションズ(株),東証1部,
4743,(株)アイティフォー,東証1部,
4745,(株)東京個別指導学院,東証1部,
4746,(株)東計電算,東証1部,
4748,(株)構造計画研究所,東証JQS,
4750,(株)ダイサン,東証2部,
4751,(株)サイバーエージェント,東証1部,
4752,(株)昭和システムエンジニアリング,東証JQS,
4754,(株)トスネット,東証JQS,
4755,楽天(株),東証1部,1
4760,(株)アルファ,東証JQS,
4761,(株)さくらケーシーエス,東証2部,
4762,(株)エックスネット,東証1部,
4763,(株)クリーク・アンド・リバー社,東証1部,
4764,ＳＡＭＵＲＡＩ＆Ｊ　ＰＡＲＴＮＥＲＳ(株),東証JQG,
4765,モーニングスター(株),東証JQS,
4766,(株)ピーエイ,東証2部,
4767,(株)テー・オー・ダブリュー,東証1部,
4768,(株)大塚商会,東証1部,
4769,(株)インフォメーションクリエーティブ,東証JQS,
4770,図研エルミック(株),東証2部,
4771,(株)エフアンドエム,東証JQS,
4772,(株)デジタルアドベンチャー,東証JQG,
4775,総合メディカル(株),東証1部,
4776,サイボウズ(株),東証1部,
4777,(株)ガーラ,東証JQS,
4779,ソフトブレーン(株),東証1部,
4781,日本ハウズイング(株),東証2部,
4783,日本コンピュータ・ダイナミクス(株),東証JQS,
4784,ＧＭＯアドパートナーズ(株),東証JQS,
4792,山田コンサルティンググループ(株),東証JQS,
4793,(株)富士通ビー・エス・シー,東証JQS,
4800,オリコン(株),東証JQS,
4801,セントラルスポーツ(株),東証1部,
4809,パラカ(株),東証1部,
4812,ＩＳＩＤ,東証1部,
4813,(株)ＡＣＣＥＳＳ,マザーズ,
4814,ネクストウェア(株),東証JQS,
4816,東映アニメーション(株),東証JQS,
4819,(株)デジタルガレージ,東証1部,
4820,(株)ＥＭシステムズ,東証1部,
4824,(株)メディアシーク,マザーズ,
4825,(株)ウェザーニューズ,東証1部,
4826,(株)ＣＩＪ,東証1部,
4827,ビジネス・ワンホールディングス(株),福岡Q,
4828,東洋ビジネスエンジニアリング(株),東証1部,
4829,日本エンタープライズ(株),東証1部,
4832,ＪＦＥシステムズ(株),東証2部,
4833,(株)ぱど,東証JQG,
4834,キャリアバンク(株),札証,
4837,シダックス(株),東証JQS,
4838,(株)スペースシャワーネットワーク,東証JQS,
4839,(株)ＷＯＷＯＷ,東証1部,
4840,(株)トライアイズ,東証JQG,
4842,(株)ＵＳＥＮ,東証JQS,
4845,(株)スカラ,東証1部,
4847,(株)インテリジェント　ウェイブ,東証JQS,
4848,(株)フルキャストホールディングス,東証1部,
4849,エン・ジャパン(株),東証JQS,
4875,メディシノバ,東証JQS,
4901,富士フイルムホールディングス(株),東証1部,1
4902,コニカミノルタ(株),東証1部,1
4911,(株)資生堂,東証1部,1
4912,ライオン(株),東証1部,
4914,高砂香料工業(株),東証1部,
4917,(株)マンダム,東証1部,
4918,(株)アイビー化粧品,東証JQS,
4919,(株)ミルボン,東証1部,
4920,(株)日本色材工業研究所,東証JQS,
4921,(株)ファンケル,東証1部,
4922,(株)コーセー,東証1部,
4923,コタ(株),東証1部,
4924,(株)シーズ・ホールディングス,東証1部,
4925,(株)ハーバー研究所,東証JQS,
4926,(株)シーボン,東証1部,
4927,(株)ポーラ・オルビスホールディングス,東証1部,
4928,(株)ノエビアホールディングス,東証1部,
4929,(株)アジュバンコスメジャパン,東証1部,
4951,エステー(株),東証1部,
4952,(株)エス・ディー・エス　バイオテック,東証2部,
4955,アグロ　カネショウ(株),東証1部,
4956,コニシ(株),東証1部,
4957,ヤスハラケミカル(株),東証2部,
4958,長谷川香料(株),東証1部,
4960,ケミプロ化成(株),東証2部,
4962,互応化学工業(株),東証2部,
4963,星光ＰＭＣ(株),東証1部,
4965,曽田香料(株),東証JQS,
4966,上村工業(株),東証2部,
4967,小林製薬(株),東証1部,
4968,荒川化学工業(株),東証1部,
4970,東洋合成工業(株),東証JQS,
4971,メック(株),東証1部,
4972,綜研化学(株),東証JQS,
4973,日本高純度化学(株),東証1部,
4974,タカラバイオ(株),東証1部,
4975,(株)ＪＣＵ,東証1部,
4976,東洋ドライルーブ(株),東証JQS,
4977,新田ゼラチン(株),東証1部,
4978,(株)リプロセル,東証JQG,
4979,ＯＡＴアグリオ(株),東証1部,
4980,デクセリアルズ(株),東証1部,
4985,アース製薬(株),東証1部,
4987,(株)寺岡製作所,東証2部,
4990,昭和化学工業(株),東証2部,
4992,北興化学工業(株),東証1部,
4994,大成ラミック(株),東証1部,
4995,サンケイ化学(株),福証,
4996,クミアイ化学工業(株),東証1部,
4997,日本農薬(株),東証1部,
4998,フマキラー(株),東証2部,
4999,セメダイン(株),東証2部,
5002,昭和シェル石油(株),東証1部,1
5008,東亜石油(株),東証2部,
5009,富士興産(株),東証1部,
5010,日本精蝋(株),東証2部,
5011,ニチレキ(株),東証1部,
5013,ユシロ化学工業(株),東証1部,
5015,ビーピー・カストロール(株),東証1部,
5017,富士石油(株),東証1部,
5018,(株)ＭＯＲＥＳＣＯ,東証1部,
5019,出光興産(株),東証1部,
5020,ＪＸＴＧホールディングス(株),東証1部,1
5021,コスモエネルギーホールディングス(株),東証1部,
5101,横浜ゴム(株),東証1部,1
5103,昭和ホールディングス(株),東証2部,
5104,日東化工(株),東証2部,
5105,東洋ゴム工業(株),東証1部,
5108,(株)ブリヂストン,東証1部,1
5110,住友ゴム工業(株),東証1部,
5121,藤倉ゴム工業(株),東証1部,
5122,オカモト(株),東証1部,
5142,アキレス(株),東証1部,
5161,西川ゴム工業(株),東証2部,
5162,(株)朝日ラバー,東証JQS,
5184,(株)ニチリン,東証2部,
5185,(株)フコク,東証1部,
5186,ニッタ(株),東証1部,
5187,クリエートメディック(株),東証1部,
5189,櫻護謨(株),東証2部,
5191,住友理工(株),東証1部,
5192,三ツ星ベルト(株),東証1部,
5194,相模ゴム工業(株),東証2部,
5195,バンドー化学(株),東証1部,
5199,不二ラテックス(株),東証JQS,
5201,旭硝子(株),東証1部,1
5202,日本板硝子(株),東証1部,1
5204,石塚硝子(株),東証1部,
5208,(株)有沢製作所,東証1部,
5210,日本山村硝子(株),東証1部,
5212,不二硝子(株),東証JQS,
5214,日本電気硝子(株),東証1部,1
5216,(株)倉元製作所,東証JQS,
5217,テクノクオーツ(株),東証JQS,
5218,(株)オハラ,東証1部,
5232,住友大阪セメント(株),東証1部,1
5233,太平洋セメント(株),東証1部,1
5237,(株)ノザワ,東証2部,
5261,リソルホールディングス(株),東証1部,
5262,日本ヒューム(株),東証1部,
5268,旭コンクリート工業(株),東証2部,
5269,日本コンクリート工業(株),東証1部,
5271,(株)トーヨーアサノ,東証2部,
5273,三谷セキサン(株),東証1部,
5277,(株)スパンクリートコーポレーション,東証JQS,
5279,日本興業(株),東証JQS,
5280,ヨシコン(株),東証JQS,
5282,ジオスター(株),東証2部,
5283,(株)高見澤,東証JQS,
5284,(株)ヤマウ,東証JQS,
5285,(株)ヤマックス,東証JQS,
5287,(株)イトーヨーギョー,東証2部,
5288,アジアパイルホールディングス(株),東証1部,
5289,ゼニス羽田ホールディングス(株),東証2部,
5301,東海カーボン(株),東証1部,1
5302,日本カーボン(株),東証1部,
5304,ＳＥＣカーボン(株),東証2部,
5310,東洋炭素(株),東証1部,
5331,(株)ノリタケカンパニーリミテド,東証1部,
5332,ＴＯＴＯ(株),東証1部,1
5333,日本ガイシ(株),東証1部,1
5334,日本特殊陶業(株),東証1部,
5337,ダントーホールディングス(株),東証1部,
5341,アサヒ衛陶(株),東証2部,
5342,ジャニス工業(株),名証2部,
5343,ニッコー(株),名証2部,
5344,(株)ＭＡＲＵＷＡ,東証1部,
5351,品川リフラクトリーズ(株),東証1部,
5352,黒崎播磨(株),東証1部,
5355,日本ルツボ(株),東証2部,
5356,美濃窯業(株),名証2部,
5357,(株)ヨータイ,東証1部,
5358,イソライト工業(株),東証1部,
5363,(株)ＴＹＫ,東証1部,
5367,(株)ニッカトー,東証1部,
5380,新東(株),東証JQS,
5381,Ｍｉｐｏｘ(株),東証JQS,
5384,(株)フジミインコーポレーテッド,東証1部,
5386,(株)鶴弥,東証2部,
5387,チヨダウーテ(株),東証JQS,
5388,クニミネ工業(株),東証2部,
5391,(株)エーアンドエーマテリアル,東証1部,
5393,ニチアス(株),東証1部,
5395,理研コランダム(株),東証2部,
5401,新日鐵住金(株),東証1部,1
5406,(株)神戸製鋼所,東証1部,1
5408,(株)中山製鋼所,東証1部,
5410,合同製鐵(株),東証1部,
5411,ジェイ　エフ　イー　ホールディングス(株),東証1部,1
5413,日新製鋼(株),東証1部,1
5423,東京製鐵(株),東証1部,
5440,共英製鋼(株),東証1部,
5444,大和工業(株),東証1部,
5445,東京鐵鋼(株),東証1部,
5446,北越メタル(株),東証2部,
5449,大阪製鐵(株),東証1部,
5451,(株)淀川製鋼所,東証1部,
5453,東洋鋼鈑(株),東証1部,
5456,朝日工業(株),東証JQS,
5458,高砂鐵工(株),東証2部,
5461,中部鋼鈑(株),名証1部,
5463,丸一鋼管(株),東証1部,
5464,モリ工業(株),東証1部,
5471,大同特殊鋼(株),東証1部,
5476,日本高周波鋼業(株),東証1部,
5480,日本冶金工業(株),東証1部,
5481,山陽特殊製鋼(株),東証1部,
5482,愛知製鋼(株),東証1部,
5484,東北特殊鋼(株),東証JQS,
5486,日立金属(株),東証1部,
5491,日本金属(株),東証1部,
5541,大平洋金属(株),東証1部,1
5542,新報国製鉄(株),東証JQS,
5563,新日本電工(株),東証1部,
5602,(株)栗本鐵工所,東証1部,
5603,虹技(株),東証1部,
5607,中央可鍛工業(株),名証2部,
5609,日本鋳造(株),東証2部,
5610,大和重工(株),東証2部,
5612,日本鋳鉄管(株),東証1部,
5614,(株)川金ホールディングス,東証2部,
5631,(株)日本製鋼所,東証1部,1
5632,三菱製鋼(株),東証1部,
5644,(株)メタルアート,東証2部,
5658,日亜鋼業(株),東証1部,
5659,日本精線(株),東証1部,
5660,神鋼鋼線工業(株),東証2部,
5695,パウダーテック(株),東証JQS,
5697,(株)サンユウ,東証2部,
5698,(株)エンビプロ・ホールディングス,東証2部,
5702,(株)大紀アルミニウム工業所,東証1部,
5703,日本軽金属ホールディングス(株),東証1部,1
5704,(株)ＪＭＣ,マザーズ,
5706,三井金属,東証1部,1
5707,東邦亜鉛(株),東証1部,1
5711,三菱マテリアル(株),東証1部,1
5713,住友金属鉱山(株),東証1部,1
5714,ＤＯＷＡホールディングス(株),東証1部,1
5715,古河機械金属(株),東証1部,1
5721,(株)エス・サイエンス,東証1部,
5724,(株)アサカ理研,東証JQS,
5726,(株)大阪チタニウムテクノロジーズ,東証1部,
5727,東邦チタニウム(株),東証1部,
5729,日本精鉱(株),東証2部,
5741,(株)ＵＡＣＪ,東証1部,
5742,エヌアイシ・オートテック(株),東証JQS,
5753,日本伸銅(株),東証2部,
5757,(株)ＣＫサンエツ,東証2部,
5758,ＦＣＭ(株),東証JQS,
5781,東邦金属(株),東証2部,
5801,古河電気工業(株),東証1部,1
5802,住友電気工業(株),東証1部,1
5803,(株)フジクラ,東証1部,1
5805,昭和電線ホールディングス(株),東証1部,
5807,東京特殊電線(株),東証1部,
5809,タツタ電線(株),東証1部,
5815,沖電線(株),東証1部,
5816,オーナンバ(株),東証2部,
5817,ＪＭＡＣＳ(株),東証2部,
5819,カナレ電気(株),東証1部,
5820,(株)三ッ星,東証JQS,
5821,平河ヒューテック(株),東証1部,
5851,リョービ(株),東証1部,
5852,(株)アーレスティ,東証1部,
5856,(株)東理ホールディングス,東証2部,
5857,アサヒホールディングス(株),東証1部,
5900,(株)ダイケン,東証JQS,
5901,東洋製罐グループホールディングス(株),東証1部,1
5902,ホッカンホールディングス(株),東証1部,
5903,ＳＨＩＮＰＯ(株),東証JQS,
5905,日本製罐(株),東証2部,
5906,エムケー精工(株),東証JQS,
5907,ＪＦＥコンテイナー(株),東証2部,
5909,(株)コロナ,東証1部,
5911,(株)横河ブリッジホールディングス,東証1部,
5912,ＯＳＪＢホールディングス(株),東証1部,
5915,(株)駒井ハルテック,東証1部,
5918,瀧上工業(株),東証2部,
5921,川岸工業(株),東証2部,
5922,那須電機鉄工(株),東証2部,
5923,高田機工(株),東証1部,
5928,アルメタックス(株),東証2部,
5929,三和ホールディングス(株),東証1部,
5930,文化シヤッター(株),東証1部,
5932,三協立山(株),東証1部,
5933,アルインコ(株),東証1部,
5935,元旦ビューティ工業(株),東証JQS,
5936,東洋シヤッター(株),東証1部,
5938,(株)ＬＩＸＩＬグループ,東証1部,
5939,(株)大谷工業,東証JQS,
5940,不二サッシ(株),東証2部,
5941,(株)中西製作所,東証2部,
5942,日本フイルコン(株),東証1部,
5943,(株)ノーリツ,東証1部,
5945,天龍製鋸(株),東証JQS,
5946,(株)長府製作所,東証1部,
5947,リンナイ(株),東証1部,
5949,ユニプレス(株),東証1部,
5950,日本パワーファスニング(株),東証2部,
5951,ダイニチ工業(株),東証1部,
5952,アマテイ(株),東証2部,
5953,昭和鉄工(株),福証,
5955,(株)ヤマシナ,東証2部,
5956,トーソー(株),東証2部,
5957,日東精工(株),東証1部,
5958,三洋工業(株),東証1部,
5959,岡部(株),東証1部,
5962,浅香工業(株),東証2部,
5964,東洋刃物(株),東証2部,
5965,(株)フジマック,東証2部,
5966,ＫＴＣ(株),東証2部,
5967,ＴＯＮＥ(株),東証2部,
5969,(株)ロブテックス,東証2部,
5970,(株)ジーテクト,東証1部,
5971,(株)共和工業所,東証JQS,
5973,(株)トーアミ,東証2部,
5974,中国工業(株),東証1部,
5975,東プレ(株),東証1部,
5976,ネツレン(株),東証1部,
5979,カネソウ(株),名証2部,
5981,東京製綱(株),東証1部,
5982,(株)マルゼン,東証2部,
5983,イワブチ(株),東証JQS,
5984,兼房(株),東証2部,
5985,サンコール(株),東証1部,
5986,モリテック　スチール(株),東証1部,
5987,(株)オーネックス,東証JQS,
5988,(株)パイオラックス,東証1部,
5989,(株)エイチワン,東証1部,
5990,(株)スーパーツール,東証JQS,
5991,ニッパツ,東証1部,
5992,中央発條(株),東証1部,
5993,知多鋼業(株),名証2部,
5994,(株)ファインシンター,東証2部,
5997,協立エアテック(株),東証JQS,
5998,(株)アドバネクス,東証1部,
5999,イハラサイエンス(株),東証JQS,
6005,三浦工業(株),東証1部,
6013,(株)タクマ,東証1部,
6016,(株)ジャパンエンジンコーポレーション,東証2部,
6018,阪神内燃機工業(株),東証2部,
6022,(株)赤阪鐵工所,東証2部,
6023,ダイハツディーゼル(株),東証2部,
6025,日本ＰＣサービス(株),名古屋セ,
6026,ＧＭＯ　ＴＥＣＨ(株),マザーズ,
6027,弁護士ドットコム(株),マザーズ,
6028,テクノプロ・ホールディングス(株),東証1部,
6029,アトラ(株),東証1部,
6030,(株)アドベンチャー,マザーズ,
6031,サイジニア(株),マザーズ,
6032,(株)インターワークス,東証1部,
6033,(株)エクストリーム,マザーズ,
6034,ＭＲＴ(株),マザーズ,
6035,(株)アイ・アールジャパンホールディングス,東証2部,
6036,ＫｅｅＰｅｒ技研(株),東証1部,
6037,(株)ファーストロジック,東証1部,
6038,(株)イード,マザーズ,
6039,(株)日本動物高度医療センター,マザーズ,
6040,日本スキー場開発(株),マザーズ,
6042,(株)ニッキ,東証2部,
6044,(株)三機サービス,東証1部,
6045,(株)レントラックス,マザーズ,
6046,(株)リンクバル,マザーズ,
6047,(株)Ｇｕｎｏｓｙ,マザーズ,
6048,(株)デザインワン・ジャパン,東証1部,
6049,(株)イトクロ,マザーズ,
6050,イー・ガーディアン(株),東証1部,
6054,(株)リブセンス,東証1部,
6055,ジャパンマテリアル(株),東証1部,
6058,(株)ベクトル,東証1部,
6059,(株)ウチヤマホールディングス,東証1部,
6060,こころネット(株),東証JQS,
6061,(株)ユニバーサル園芸社,東証JQS,
6062,(株)チャーム・ケア・コーポレーション,東証JQS,
6063,日本エマージェンシーアシスタンス(株),東証JQS,
6064,(株)アクトコール,マザーズ,
6065,サクセスホールディングス(株),東証1部,
6067,(株)メディアフラッグ,マザーズ,
6069,トレンダーズ(株),マザーズ,
6070,キャリアリンク(株),東証1部,
6071,(株)ＩＢＪ,東証1部,
6072,地盤ネットホールディングス(株),マザーズ,
6073,(株)アサンテ,東証1部,
6074,(株)ジェイエスエス,東証JQS,
6076,(株)アメイズ,福証,
6077,(株)Ｎ・フィールド,東証1部,
6078,(株)バリューＨＲ,東証1部,
6079,(株)エナリス,マザーズ,
6080,Ｍ＆Ａキャピタルパートナーズ(株),東証1部,
6081,アライドアーキテクツ(株),マザーズ,
6082,(株)ライドオン・エクスプレス,東証1部,
6083,ＥＲＩホールディングス(株),東証1部,
6084,(株)オウチーノ,マザーズ,
6085,アーキテクツ・スタジオ・ジャパン(株),マザーズ,
6086,シンプロメンテ(株),マザーズ,
6087,(株)アビスト,東証1部,
6088,(株)シグマクシス,マザーズ,
6089,(株)ウィルグループ,東証1部,
6090,ヒューマン・メタボローム・テクノロジーズ(株),マザーズ,
6091,(株)ウエスコホールディングス,東証2部,
6092,(株)エンバイオ・ホールディングス,マザーズ,
6093,(株)エスクロー・エージェント・ジャパン,東証1部,
6094,(株)フリークアウト・ホールディングス,マザーズ,
6095,メドピア(株),マザーズ,
6096,(株)レアジョブ,マザーズ,
6097,日本ビューホテル(株),東証1部,
6098,(株)リクルートホールディングス,東証1部,
6099,(株)エラン,東証1部,
6101,(株)ツガミ,東証1部,
6103,オークマ(株),東証1部,1
6104,東芝機械(株),東証1部,
6111,旭精機工業(株),名証2部,
6112,(株)小島鐵工所,東証2部,
6113,(株)アマダホールディングス,東証1部,1
6118,アイダエンジニアリング(株),東証1部,
6121,(株)滝澤鉄工所,東証1部,
6125,(株)岡本工作機械製作所,東証2部,
6131,浜井産業(株),東証2部,
6134,富士機械製造(株),東証1部,
6135,(株)牧野フライス製作所,東証1部,
6136,ＯＳＧ,東証1部,
6137,小池酸素工業(株),東証2部,
6138,ダイジェット工業(株),東証1部,
6140,旭ダイヤモンド工業(株),東証1部,
6141,ＤＭＧ森精機(株),東証1部,
6142,富士精工(株),名証2部,
6143,(株)ソディック,東証1部,
6144,西部電機(株),東証2部,
6145,日特エンジニアリング(株),東証JQS,
6146,(株)ディスコ,東証1部,
6147,(株)ヤマザキ,東証JQS,
6149,(株)小田原エンジニアリング,東証JQS,
6150,タケダ機械(株),東証JQS,
6151,日東工器(株),東証1部,
6155,高松機械工業(株),東証2部,
6156,(株)エーワン精密,東証JQS,
6157,日進工具(株),東証2部,
6158,(株)和井田製作所,東証JQS,
6159,ミクロン精密(株),東証JQS,
6161,(株)エスティック,東証2部,
6164,(株)太陽工機,東証JQS,
6165,パンチ工業(株),東証1部,
6166,(株)中村超硬,マザーズ,
6167,冨士ダイス(株),東証1部,
6171,(株)土木管理総合試験所,東証1部,
6172,(株)メタップス,マザーズ,
6173,(株)アクアライン,マザーズ,
6175,(株)ネットマーケティング,東証JQS,
6176,(株)ブランジスタ,マザーズ,
6177,ＡｐｐＢａｎｋ(株),マザーズ,
6178,日本郵政(株),東証1部,
6180,ＧＭＯメディア(株),マザーズ,
6181,(株)パートナーエージェント,マザーズ,
6182,(株)ロゼッタ,マザーズ,
6183,(株)ベルシステム２４ホールディングス,東証1部,
6184,(株)鎌倉新書,マザーズ,
6185,ソネット・メディア・ネットワークス(株),マザーズ,
6186,(株)一蔵,東証1部,
6187,(株)ＬＩＴＡＬＩＣＯ,東証1部,
6188,富士ソフトサービスビューロ(株),東証JQS,
6189,(株)グローバルグループ,マザーズ,
6190,(株)フェニックスバイオ,マザーズ,
6191,(株)エボラブルアジア,東証1部,
6192,ハイアス・アンド・カンパニー(株),マザーズ,
6193,バーチャレクス・コンサルティング(株),マザーズ,
6194,(株)アトラエ,マザーズ,
6195,(株)ホープ,マザーズ,
6196,(株)ストライク,東証1部,
6197,(株)ソラスト,東証1部,
6198,(株)キャリア,マザーズ,
6199,(株)セラク,マザーズ,
6200,(株)インソース,マザーズ,
6201,(株)豊田自動織機,東証1部,
6203,豊和工業(株),東証1部,
6205,ＯＫＫ(株),東証1部,
6208,(株)石川製作所,東証1部,
6210,東洋機械金属(株),東証1部,
6217,津田駒工業(株),東証1部,
6218,エンシュウ(株),東証1部,
6222,(株)島精機製作所,東証1部,
6236,ＮＣホールディングス(株),東証1部,
6237,(株)イワキ,東証2部,
6238,フリュー(株),東証1部,
6239,(株)ナガオカ,東証JQS,
6240,ヤマシンフィルタ(株),東証1部,
6245,(株)ヒラノテクシード,東証2部,
6246,(株)テクノスマート,東証2部,
6247,(株)日阪製作所,東証1部,
6248,(株)横田製作所,東証JQS,
6249,(株)ゲームカード・ジョイコホールディングス,東証JQS,
6250,(株)やまびこ,東証1部,
6254,野村マイクロ・サイエンス(株),東証JQS,
6255,(株)エヌ・ピー・シー,マザーズ,
6256,(株)ニューフレアテクノロジー,東証JQS,
6257,(株)藤商事,東証JQS,
6258,平田機工(株),東証1部,
6262,ペガサスミシン製造(株),東証1部,
6264,(株)マルマエ,マザーズ,
6265,(株)妙徳,東証JQS,
6266,タツモ(株),東証JQS,
6267,ゼネラルパッカー(株),東証JQS,
6268,ナブテスコ(株),東証1部,
6269,三井海洋開発(株),東証1部,
6271,(株)ニッセイ,東証2部,
6272,レオン自動機(株),東証1部,
6273,ＳＭＣ(株),東証1部,
6274,(株)新川,東証1部,
6276,ナビタス(株),東証JQS,
6277,ホソカワミクロン(株),東証1部,
6278,ユニオンツール(株),東証1部,
6279,(株)瑞光,東証2部,
6281,(株)前田製作所,東証JQS,
6282,オイレス工業(株),東証1部,
6284,日精エー・エス・ビー機械(株),東証1部,
6286,靜甲(株),東証JQS,
6287,サトーホールディングス(株),東証1部,
6289,(株)技研製作所,東証1部,
6291,日本エアーテック(株),東証1部,
6292,(株)カワタ,東証2部,
6293,日精樹脂工業(株),東証1部,
6294,オカダアイヨン(株),東証1部,
6295,富士変速機(株),名証2部,
6297,鉱研工業(株),東証JQS,
6298,ワイエイシイホールディングス(株),東証1部,
6299,(株)神鋼環境ソリューション,東証2部,
6300,アピックヤマダ(株),東証2部,
6301,コマツ,東証1部,1
6302,住友重機械工業(株),東証1部,1
6303,(株)ササクラ,東証2部,
6305,日立建機(株),東証1部,1
6306,日工(株),東証1部,
6307,サンセイ(株),東証2部,
6309,巴工業(株),東証1部,
6310,井関農機(株),東証1部,
6312,フロイント産業(株),東証JQS,
6314,(株)石井工作研究所,東証JQS,
6315,ＴＯＷＡ(株),東証1部,
6316,(株)丸山製作所,東証1部,
6317,(株)北川鉄工所,東証1部,
6319,(株)シンニッタン,東証1部,
6322,(株)タクミナ,東証2部,
6323,ローツェ(株),東証1部,
6324,(株)ハーモニック・ドライブ・システムズ,東証JQS,
6325,(株)タカキタ,東証1部,
6326,(株)クボタ,東証1部,1
6327,北川精機(株),東証JQS,
6328,荏原実業(株),東証1部,
6330,東洋エンジニアリング(株),東証1部,
6331,三菱化工機(株),東証1部,
6332,月島機械(株),東証1部,
6333,(株)帝国電機製作所,東証1部,
6334,明治機械(株),東証2部,
6335,(株)東京機械製作所,東証1部,
6336,(株)石井表記,東証2部,
6337,(株)テセック,東証JQS,
6338,(株)タカトリ,東証2部,
6339,新東工業(株),東証1部,
6340,澁谷工業(株),東証1部,
6342,(株)太平製作所,東証2部,
6343,フリージア・マクロス(株),東証2部,
6345,(株)アイチコーポレーション,東証1部,
6346,キクカワエンタープライズ(株),東証2部,
6347,(株)プラコー,東証JQS,
6349,(株)小森コーポレーション,東証1部,
6351,(株)鶴見製作所,東証1部,
6355,住友精密工業(株),東証1部,
6356,日本ギア工業(株),東証2部,
6357,三精テクノロジーズ(株),東証2部,
6358,酒井重工業(株),東証1部,
6360,(株)東京自働機械製作所,東証2部,
6361,荏原,東証1部,1
6362,(株)石井鐵工所,東証1部,
6363,(株)酉島製作所,東証1部,
6364,北越工業(株),東証1部,
6365,(株)電業社機械製作所,東証2部,
6366,千代田化工建設(株),東証1部,1
6367,ダイキン工業(株),東証1部,1
6368,オルガノ(株),東証1部,
6369,トーヨーカネツ(株),東証1部,
6370,栗田工業(株),東証1部,
6371,(株)椿本チエイン,東証1部,
6373,大同工業(株),東証1部,
6376,日機装(株),東証1部,
6378,木村化工機(株),東証1部,
6379,新興プランテック(株),東証1部,
6380,オリエンタルチエン工業(株),東証2部,
6381,アネスト岩田(株),東証1部,
6382,トリニティ工業(株),東証2部,
6383,(株)ダイフク,東証1部,
6384,(株)昭和真空,東証JQS,
6387,サムコ(株),東証1部,
6390,(株)加藤製作所,東証1部,
6391,(株)加地テック,東証2部,
6392,(株)ヤマダコーポレーション,東証2部,
6393,油研工業(株),東証1部,
6395,(株)タダノ,東証1部,
6396,(株)宇野澤組鐵工所,東証2部,
6397,(株)郷鉄工所,東証2部,
6400,不二精機(株),東証JQS,
6402,兼松エンジニアリング(株),東証2部,
6403,水道機工(株),東証JQS,
6405,鈴茂器工(株),東証JQS,
6406,フジテック(株),東証1部,
6407,ＣＫＤ(株),東証1部,
6408,小倉クラッチ(株),東証JQS,
6409,(株)キトー,東証1部,
6411,中野冷機(株),東証JQS,
6412,(株)平和,東証1部,
6413,理想科学工業(株),東証1部,
6414,川重冷熱工業(株),東証JQS,
6416,桂川電機(株),東証JQS,
6417,(株)ＳＡＮＫＹＯ,東証1部,
6418,日本金銭機械(株),東証1部,
6419,(株)マースエンジニアリング,東証1部,
6420,福島工業(株),東証1部,
6424,(株)高見沢サイバネティックス,東証JQS,
6425,(株)ユニバーサルエンターテインメント,東証JQS,
6428,(株)オーイズミ,東証1部,
6430,ダイコク電機(株),東証1部,
6432,(株)竹内製作所,東証1部,
6433,ヒーハイスト精工(株),東証JQS,
6436,アマノ(株),東証1部,
6439,中日本鋳工(株),名証2部,
6440,ＪＵＫＩ(株),東証1部,
6444,サンデンホールディングス(株),東証1部,
6445,蛇の目ミシン工業(株),東証1部,
6448,ブラザー工業(株),東証1部,
6454,マックス(株),東証1部,
6455,(株)モリタホールディングス,東証1部,
6457,グローリー(株),東証1部,
6458,新晃工業(株),東証1部,
6459,大和冷機工業(株),東証1部,
6460,セガサミーホールディングス(株),東証1部,
6461,日本ピストンリング(株),東証1部,
6462,(株)リケン,東証1部,
6463,ＴＰＲ(株),東証1部,
6464,(株)ツバキ・ナカシマ,東証1部,
6465,ホシザキ(株),東証1部,
6466,東亜バルブエンジニアリング(株),東証2部,
6467,(株)ニチダイ,東証JQS,
6469,(株)放電精密加工研究所,東証JQS,
6470,大豊工業(株),東証1部,
6471,日本精工(株),東証1部,1
6472,ＮＴＮ(株),東証1部,1
6473,(株)ジェイテクト,東証1部,1
6474,(株)不二越,東証1部,
6478,ダイベア(株),東証2部,
6479,ミネベアミツミ(株),東証1部,1
6480,日本トムソン(株),東証1部,
6481,ＴＨＫ(株),東証1部,
6482,(株)ユーシン精機,東証1部,
6484,(株)ＫＶＫ,東証JQS,
6485,前澤給装工業(株),東証1部,
6486,イーグル工業(株),東証1部,
6488,(株)ヨシタケ,東証JQS,
6489,前澤工業(株),東証1部,
6490,日本ピラー工業(株),東証1部,
6492,岡野バルブ製造(株),東証2部,
6493,日鍛バルブ(株),東証2部,
6494,(株)ＮＦＫホールディングス,東証JQS,
6495,(株)宮入バルブ製作所,東証2部,
6496,(株)中北製作所,東証2部,
6497,(株)ハマイ,東証JQS,
6498,(株)キッツ,東証1部,
6501,(株)日立製作所,東証1部,1
6502,(株)東芝,東証1部,1
6503,三菱電機(株),東証1部,1
6504,富士電機(株),東証1部,1
6505,東洋電機製造(株),東証1部,
6506,(株)安川電機,東証1部,1
6507,シンフォニアテクノロジー(株),東証1部,
6508,(株)明電舎,東証1部,1
6513,オリジン電気(株),東証1部,
6516,山洋電気(株),東証1部,
6517,デンヨー(株),東証1部,
6518,三相電機(株),東証JQS,
6531,リファインバース(株),マザーズ,
6532,(株)ベイカレント・コンサルティング,マザーズ,
6533,(株)Ｏｒｃｈｅｓｔｒａ　Ｈｏｌｄｉｎｇｓ,マザーズ,
6534,Ｄ．Ａ．コンソーシアムホールディングス(株),東証2部,
6535,(株)アイモバイル,マザーズ,
6537,ＷＡＳＨハウス(株),マザーズ,
6538,(株)キャリアインデックス,マザーズ,
6539,(株)ＭＳ?Ｊａｐａｎ,マザーズ,
6540,(株)船場,東証2部,
6541,グレイステクノロジー(株),マザーズ,
6542,(株)ＦＣホールディングス,東証JQS,
6543,(株)日宣,東証JQS,
6544,ジャパンエレベーターサービスホールディングス(株),マザーズ,
6545,(株)インターネットインフィニティー,マザーズ,
6546,フルテック(株),東証2部,
6547,(株)グリーンズ,東証2部,
6548,(株)旅工房,マザーズ,
6549,ディーエムソリューションズ(株),東証JQS,
6550,Ｆｒｉｎｇｅ８１(株),マザーズ,
6551,(株)ツナグ・ソリューションズ,マザーズ,
6552,(株)ＧａｍｅＷｉｔｈ,マザーズ,
6553,ソウルドアウト(株),マザーズ,
6581,日立工機(株),東証1部,
6584,三桜工業(株),東証1部,
6586,(株)マキタ,東証1部,
6588,東芝テック(株),東証1部,
6590,芝浦メカトロニクス(株),東証1部,
6591,西芝電機(株),東証2部,
6592,マブチモーター(株),東証1部,
6594,日本電産(株),東証1部,
6615,ユー・エム・シー・エレクトロニクス(株),東証1部,
6616,トレックス・セミコンダクター(株),東証2部,
6617,(株)東光高岳,東証1部,
6618,(株)大泉製作所,マザーズ,
6619,ダブル・スコープ(株),東証1部,
6620,宮越ホールディングス(株),東証1部,
6622,(株)ダイヘン,東証1部,
6623,愛知電機(株),名証1部,
6624,田淵電機(株),東証1部,
6625,ＪＡＬＣＯホールディングス(株),東証JQS,
6626,ＳＥＭＩＴＥＣ(株),東証JQS,
6627,(株)テラプローブ,マザーズ,
6628,オンキヨー(株),東証JQS,
6629,テクノホライゾン・ホールディングス(株),東証JQS,
6630,ヤーマン(株),東証1部,
6632,(株)ＪＶＣケンウッド,東証1部,
6633,(株)Ｃ＆Ｇシステムズ,東証JQS,
6634,(株)ネクスグループ,東証JQS,
6635,(株)大日光・エンジニアリング,東証JQS,
6636,(株)ソルガム・ジャパン・ホールディングス,東証JQS,
6637,寺崎電気産業(株),東証JQS,
6638,(株)ミマキエンジニアリング,東証1部,
6639,(株)コンテック,東証2部,
6640,第一精工(株),東証1部,
6641,日新電機(株),東証1部,
6643,(株)戸上電機製作所,東証2部,
6644,大崎電気工業(株),東証1部,
6645,オムロン(株),東証1部,
6647,森尾電機(株),東証2部,
6648,(株)かわでん,東証JQS,
6651,日東工業(株),東証1部,
6652,ＩＤＥＣ(株),東証1部,
6653,(株)正興電機製作所,福証,
6654,不二電機工業(株),東証1部,
6655,東洋電機(株),名証2部,
6656,インスペック(株),マザーズ,
6658,シライ電子工業(株),東証JQS,
6659,(株)メディアリンクス,東証JQS,
6662,(株)ユビテック,東証JQS,
6663,太洋工業(株),東証JQS,
6664,(株)オプトエレクトロニクス,東証JQS,
6666,リバーエレテック(株),東証JQS,
6668,(株)アドテック　プラズマ　テクノロジー,東証2部,
6669,シーシーエス(株),東証JQS,
6670,(株)ＭＣＪ,東証2部,
6674,(株)ジーエス・ユアサ　コーポレーション,東証1部,1
6675,サクサホールディングス(株),東証1部,
6676,(株)メルコホールディングス,東証1部,
6677,(株)エスケーエレクトロニクス,東証JQS,
6678,(株)テクノメディカ,東証1部,
6694,(株)ズーム,東証JQS,
6696,(株)トランザス,,
6701,ＮＥＣ,東証1部,1
6702,富士通(株),東証1部,1
6703,ＯＫＩ,東証1部,1
6704,岩崎通信機(株),東証1部,
6706,電気興業(株),東証1部,
6707,サンケン電気(株),東証1部,
6709,明星電気(株),東証2部,
6715,(株)ナカヨ,東証1部,
6716,テクニカル電子(株),東証JQS,
6718,アイホン(株),東証1部,
6719,富士通コンポーネント(株),東証2部,
6721,ウインテスト(株),東証2部,
6722,(株)エイアンドティー,東証JQS,
6723,ルネサスエレクトロニクス(株),東証1部,
6724,セイコーエプソン(株),東証1部,
6727,(株)ワコム,東証1部,
6728,(株)アルバック,東証1部,
6730,(株)アクセル,東証1部,
6731,(株)ピクセラ,東証2部,
6734,(株)ニューテック,東証JQS,
6736,サン電子(株),東証JQS,
6737,ＥＩＺＯ(株),東証1部,
6740,(株)ジャパンディスプレイ,東証1部,
6741,日本信号(株),東証1部,
6742,(株)京三製作所,東証1部,
6743,大同信号(株),東証2部,
6744,能美防災(株),東証1部,
6745,ホーチキ(株),東証1部,
6747,ＫＩホールディングス(株),東証2部,
6748,星和電機(株),東証2部,
6750,エレコム(株),東証1部,
6751,日本無線(株),東証1部,
6752,パナソニック(株),東証1部,1
6753,シャープ(株),東証2部,
6754,アンリツ(株),東証1部,
6755,(株)富士通ゼネラル,東証1部,
6756,(株)日立国際電気,東証1部,
6757,(株)ＯＳＧコーポレーション,東証JQS,
6758,ソニー(株),東証1部,1
6762,ＴＤＫ(株),東証1部,1
6763,帝国通信工業(株),東証1部,
6768,(株)タムラ製作所,東証1部,
6769,ザインエレクトロニクス(株),東証JQS,
6770,アルプス電気(株),東証1部,1
6771,池上通信機(株),東証1部,
6772,東京コスモス電機(株),東証2部,
6773,パイオニア(株),東証1部,1
6775,(株)ＴＢグループ,東証2部,
6776,天昇電気工業(株),東証2部,
6777,ｓａｎｔｅｃ(株),東証JQS,
6778,(株)アルチザネットワークス,東証2部,
6779,日本電波工業(株),東証1部,
6785,(株)鈴木,東証1部,
6786,(株)ＲＶＨ,東証2部,
6787,(株)メイコー,東証JQS,
6788,(株)日本トリム,東証1部,
6789,ローランド　ディー．ジー．(株),東証1部,
6791,日本コロムビア(株),東証1部,
6794,フォスター電機(株),東証1部,
6796,クラリオン(株),東証1部,
6797,名古屋電機工業(株),名証2部,
6798,ＳＭＫ(株),東証1部,
6800,(株)ヨコオ,東証1部,
6803,ティアック(株),東証1部,
6804,ホシデン(株),東証1部,
6806,ヒロセ電機(株),東証1部,
6807,日本航空電子工業(株),東証1部,
6809,ＴＯＡ(株),東証1部,
6810,日立マクセル(株),東証1部,
6814,古野電気(株),東証1部,
6815,ユニデンホールディングス(株),東証1部,
6816,アルパイン(株),東証1部,
6817,スミダコーポレーション(株),東証1部,
6819,伊豆シャボテンリゾート(株),東証JQS,
6820,アイコム(株),東証1部,
6822,大井電気(株),東証JQS,
6823,リオン(株),東証1部,
6824,新コスモス電機(株),東証JQS,
6826,本多通信工業(株),東証1部,
6832,アオイ電子(株),東証2部,
6834,(株)精工技研,東証JQS,
6835,アライドテレシスホールディングス(株),東証2部,
6836,ぷらっとホーム(株),東証2部,
6837,(株)京写,東証JQS,
6838,(株)多摩川ホールディングス,東証JQS,
6839,船井電機(株),東証1部,
6840,(株)ＡＫＩＢＡホールディングス,東証JQS,
6841,横河電機(株),東証1部,1
6844,新電元工業(株),東証1部,
6845,アズビル(株),東証1部,
6846,(株)中央製作所,名証2部,
6848,東亜ディーケーケー(株),東証1部,
6849,日本光電,東証1部,
6850,(株)チノー,東証1部,
6852,(株)テクノ・セブン,東証JQS,
6853,(株)共和電業,東証1部,
6855,日本電子材料(株),東証1部,
6856,(株)堀場製作所,東証1部,
6857,(株)アドバンテスト,東証1部,1
6858,(株)小野測器,東証1部,
6859,エスペック(株),東証1部,
6861,(株)キーエンス,東証1部,
6862,ミナトホールディングス(株),東証JQS,
6863,(株)ニレコ,東証JQS,
6864,(株)エヌエフ回路設計ブロック,東証JQS,
6866,ＨＩＯＫＩ(株),東証1部,
6867,リーダー電子(株),東証JQS,
6869,シスメックス(株),東証1部,
6870,日本フェンオール(株),東証2部,
6871,(株)日本マイクロニクス,東証1部,
6874,協立電機(株),東証JQS,
6875,(株)メガチップス,東証1部,
6877,ＯＢＡＲＡ　ＧＲＯＵＰ(株),東証1部,
6879,(株)イマジカ・ロボット　ホールディングス,東証1部,
6881,(株)キョウデン,東証2部,
6882,(株)三社電機製作所,東証2部,
6888,アクモス(株),東証JQS,
6889,オーデリック(株),東証JQS,
6890,(株)フェローテックホールディングス,東証JQS,
6894,パルステック工業(株),東証2部,
6895,ダイヤモンド電機(株),東証2部,
6896,北川工業(株),名証2部,
6897,ツインバード工業(株),東証2部,
6898,トミタ電機(株),東証JQS,
6899,ＡＳＴＩ(株),東証2部,
6901,澤藤電機(株),東証1部,
6902,(株)デンソー,東証1部,1
6904,原田工業(株),東証JQS,
6905,コーセル(株),東証1部,
6907,ジオマテック(株),東証JQS,
6908,イリソ電子工業(株),東証1部,
6911,新日本無線(株),東証1部,
6912,菊水電子工業(株),東証JQS,
6914,オプテックスグループ(株),東証1部,
6915,千代田インテグレ(株),東証1部,
6916,(株)アイ・オー・データ機器,東証1部,
6918,(株)アバールデータ,東証JQS,
6919,ケル(株),東証JQS,
6920,レーザーテック(株),東証1部,
6923,スタンレー電気(株),東証1部,
6924,岩崎電気(株),東証1部,
6925,ウシオ電機(株),東証1部,
6926,岡谷電機産業(株),東証1部,
6927,ヘリオス　テクノ　ホールディング(株),東証1部,
6928,(株)エノモト,東証JQS,
6929,日本セラミック(株),東証1部,
6930,日本アンテナ(株),東証JQS,
6932,(株)遠藤照明,東証1部,
6937,古河電池(株),東証1部,
6938,双信電機(株),東証1部,
6941,山一電機(株),東証1部,
6942,(株)ソフィアホールディングス,東証JQS,
6943,ＮＫＫスイッチズ(株),東証JQS,
6944,(株)アイレックス,東証JQS,
6945,富士通フロンテック(株),東証2部,
6946,日本アビオニクス(株),東証2部,
6947,(株)図研,東証1部,
6951,日本電子(株),東証1部,
6952,カシオ計算機(株),東証1部,1
6954,ファナック(株),東証1部,1
6955,ＦＤＫ(株),東証2部,
6957,(株)芝浦電子,東証JQS,
6958,日本ＣＭＫ(株),東証1部,
6960,フクダ電子(株),東証JQS,
6961,(株)エンプラス,東証1部,
6962,(株)大真空,東証1部,
6963,ローム(株),東証1部,
6964,(株)サンコー,東証2部,
6965,浜松ホトニクス(株),東証1部,
6966,(株)三井ハイテック,東証1部,
6967,新光電気工業(株),東証1部,
6969,松尾電機(株),東証2部,
6971,京セラ(株),東証1部,1
6972,エルナー(株),東証2部,
6973,協栄産業(株),東証1部,
6976,太陽誘電(株),東証1部,1
6977,(株)日本抵抗器製作所,東証2部,
6981,(株)村田製作所,東証1部,
6982,(株)リード,東証2部,
6985,(株)ユーシン,東証1部,
6986,双葉電子工業(株),東証1部,
6988,日東電工(株),東証1部,1
6989,北陸電気工業(株),東証1部,
6993,大黒屋ホールディングス(株),東証2部,
6994,(株)指月電機製作所,東証2部,
6995,(株)東海理化,東証1部,
6996,ニチコン(株),東証1部,
6997,日本ケミコン(株),東証1部,
6998,日本タングステン(株),東証2部,
6999,ＫＯＡ(株),東証1部,
7003,三井造船(株),東証1部,1
7004,日立造船(株),東証1部,1
7011,三菱重工業(株),東証1部,1
7012,川崎重工業(株),東証1部,1
7013,(株)ＩＨＩ,東証1部,1
7014,(株)名村造船所,東証1部,
7018,内海造船(株),東証2部,
7021,(株)ニッチツ,東証2部,
7022,サノヤスホールディングス(株),東証1部,
7102,日本車輌製造(株),東証1部,
7105,ニチユ三菱フォークリフト(株),東証1部,
7122,近畿車輛(株),東証1部,
7148,(株)ＦＰＧ,東証1部,
7150,(株)島根銀行,東証1部,
7157,ライフネット生命保険(株),マザーズ,
7161,(株)じもとホールディングス,東証1部,
7162,アストマックス(株),東証JQS,
7164,全国保証(株),東証1部,
7167,(株)めぶきフィナンシャルグループ,東証1部,
7169,(株)ニュートン・フィナンシャル・コンサルティング,東証JQS,
7172,(株)ジャパンインベストメントアドバイザー,マザーズ,
7173,(株)東京ＴＹフィナンシャルグループ,東証1部,
7175,今村証券(株),東証JQS,
7177,ＧＭＯクリックホールディングス(株),東証JQS,
7180,(株)九州フィナンシャルグループ,東証1部,
7181,(株)かんぽ生命保険,東証1部,
7182,(株)ゆうちょ銀行,東証1部,
7183,あんしん保証(株),マザーズ,
7184,(株)富山第一銀行,東証1部,
7185,ヒロセ通商(株),東証JQS,
7186,(株)コンコルディア・フィナンシャルグループ,東証1部,1
7187,ジェイリース(株),マザーズ,
7189,(株)西日本フィナンシャルホールディングス,東証1部,
7190,(株)マーキュリアインベストメント,東証2部,
7191,(株)イントラスト,マザーズ,
7192,日本モーゲージサービス(株),東証JQS,
7201,日産自動車(株),東証1部,1
7202,いすゞ自動車(株),東証1部,1
7203,トヨタ自動車(株),東証1部,1
7205,日野自動車(株),東証1部,1
7208,(株)カネミツ,東証2部,
7211,三菱自動車(株),東証1部,1
7212,(株)エフテック,東証1部,
7213,レシップホールディングス(株),東証1部,
7214,ＧＭＢ(株),東証1部,
7215,(株)ファルテック,東証1部,
7217,(株)テイン,東証JQS,
7218,田中精密工業(株),東証JQS,
7219,(株)エッチ・ケー・エス,東証JQS,
7220,武蔵精密工業(株),東証1部,
7222,日産車体(株),東証1部,
7224,新明和工業(株),東証1部,
7226,極東開発工業(株),東証1部,
7227,アスカ(株),名証2部,
7228,(株)デイトナ,東証JQS,
7229,(株)ユタカ技研,東証JQS,
7230,日信工業(株),東証1部,
7231,トピー工業(株),東証1部,
7235,東京ラヂエーター製造(株),東証2部,
7236,(株)ティラド,東証1部,
7238,曙ブレーキ工業(株),東証1部,
7239,(株)タチエス,東証1部,
7240,ＮＯＫ(株),東証1部,
7241,フタバ産業(株),東証1部,
7242,ＫＹＢ(株),東証1部,
7244,市光工業(株),東証1部,
7245,大同メタル工業(株),東証1部,
7246,プレス工業(株),東証1部,
7247,(株)ミクニ,東証1部,
7249,尾張精機(株),名証2部,
7250,太平洋工業(株),東証1部,
7251,(株)ケーヒン,東証1部,
7254,(株)ユニバンス,東証2部,
7255,(株)桜井製作所,東証JQS,
7256,河西工業(株),東証1部,
7259,アイシン精機(株),東証1部,
7260,富士機工(株),東証1部,
7261,マツダ(株),東証1部,1
7264,(株)ムロコーポレーション,東証JQS,
7265,エイケン工業(株),東証JQS,
7266,(株)今仙電機製作所,東証1部,
7267,ホンダ,東証1部,1
7268,(株)タツミ,東証JQS,
7269,スズキ(株),東証1部,1
7270,(株)ＳＵＢＡＲＵ,東証1部,1
7271,(株)安永,東証1部,
7272,ヤマハ発動機(株),東証1部,1
7273,(株)イクヨ,東証2部,
7274,(株)ショーワ,東証1部,
7276,(株)小糸製作所,東証1部,
7277,(株)ＴＢＫ,東証1部,
7278,(株)エクセディ,東証1部,
7279,(株)ハイレックスコーポレーション,東証2部,
7280,(株)ミツバ,東証1部,
7282,豊田合成(株),東証1部,
7283,愛三工業(株),東証1部,
7284,盟和産業(株),東証1部,
7287,日本精機(株),東証2部,
7291,日本プラスト(株),東証2部,
7292,(株)村上開明堂,東証2部,
7294,(株)ヨロズ,東証1部,
7296,(株)エフ・シー・シー,東証1部,
7297,(株)カーメイト,東証JQS,
7298,八千代工業(株),東証JQS,
7299,フジオーゼックス(株),東証2部,
7305,新家工業(株),東証1部,
7308,(株)ツノダ,名証2部,
7309,(株)シマノ,東証1部,
7312,タカタ(株),東証1部,
7313,テイ・エス　テック(株),東証1部,
7314,(株)小田原機器,東証JQS,
7315,ＩＪＴテクノロジーホールディングス(株),東証2部,
7399,(株)ナンシン,東証JQS,
7404,昭和飛行機工業(株),東証2部,
7408,(株)ジャムコ,東証1部,
7412,(株)アトム,東証2部,
7413,(株)創健社,東証JQS,
7414,小野建(株),東証1部,
7416,(株)はるやまホールディングス,東証1部,
7417,(株)南陽,福証,
7419,(株)ノジマ,東証1部,
7420,佐鳥電機(株),東証1部,
7421,カッパ・クリエイト(株),東証1部,
7422,東邦レマック(株),東証JQS,
7425,初穂商事(株),東証JQS,
7426,(株)山大,東証JQS,
7427,エコートレーディング(株),東証1部,
7433,伯東(株),東証1部,
7434,(株)オータケ,東証JQS,
7435,(株)ナ・デックス,東証JQS,
7438,コンドーテック(株),東証1部,
7441,(株)Ｍｉｓｕｍｉ,福証,
7442,中山福(株),東証1部,
7443,横浜魚類(株),東証JQS,
7444,ハリマ共和物産(株),東証2部,
7445,(株)ライトオン,東証1部,
7446,東北化学薬品(株),東証JQS,
7447,ナガイレーベン(株),東証1部,
7448,(株)ジーンズメイト,東証1部,
7450,(株)サンデー,東証JQS,
7451,三菱食品(株),東証1部,
7453,(株)良品計画,東証1部,
7455,(株)三城ホールディングス,東証1部,
7456,松田産業(株),東証1部,
7458,(株)第一興商,東証1部,
7459,(株)メディパルホールディングス,東証1部,
7460,(株)ヤギ,東証2部,
7461,(株)キムラ,東証JQS,
7462,ダイヤ通商(株),東証JQS,
7463,(株)アドヴァン,東証1部,
7464,セフテック(株),東証JQS,
7465,マックスバリュ北海道(株),東証JQS,
7466,ＳＰＫ(株),東証1部,
7467,萩原電気(株),東証1部,
7472,(株)鳥羽洋行,東証JQS,
7475,アルビス(株),東証1部,
7476,アズワン(株),東証1部,
7477,ムラキ(株),東証JQS,
7480,スズデン(株),東証1部,
7481,尾家産業(株),東証1部,
7482,(株)シモジマ,東証1部,
7483,(株)ドウシシャ,東証1部,
7485,岡谷鋼機(株),名証1部,
7486,サンリン(株),東証JQS,
7487,小津産業(株),東証1部,
7488,(株)ヤガミ,名証2部,
7490,日新商事(株),東証2部,
7494,(株)コナカ,東証1部,
7500,西川計測(株),東証JQS,
7501,(株)ティムコ,東証JQS,
7502,(株)プラザクリエイト,東証JQS,
7504,(株)高速,東証1部,
7505,扶桑電通(株),東証2部,
7506,(株)ハウス　オブ　ローゼ,東証1部,
7508,(株)Ｇ?７ホールディングス,東証1部,
7509,アイエーグループ(株),東証JQS,
7510,(株)たけびし,東証1部,
7512,イオン北海道(株),東証1部,
7513,(株)コジマ,東証1部,
7514,(株)ヒマラヤ,東証1部,
7515,(株)マルヨシセンター,東証2部,
7516,コーナン商事(株),東証1部,
7517,黒田電気(株),東証1部,
7518,ネットワンシステムズ(株),東証1部,
7519,五洋インテックス(株),東証JQS,
7520,(株)エコス,東証1部,
7521,(株)ムサシ,東証JQS,
7522,ワタミ(株),東証1部,
7523,アールビバン(株),東証JQS,
7524,マルシェ(株),東証1部,
7525,リックス(株),東証1部,
7527,(株)システムソフト,東証1部,
7531,清和中央ホールディングス(株),東証JQS,
7532,(株)ドンキホーテホールディングス,東証1部,
7533,(株)グリーンクロス,福証,
7537,丸文(株),東証1部,
7538,(株)大水,東証2部,
7539,(株)アイナボホールディングス,東証JQS,
7544,(株)スリーエフ,東証2部,
7545,(株)西松屋チェーン,東証1部,
7550,(株)ゼンショーホールディングス,東証1部,
7551,(株)ウェッズ,東証JQS,
7552,(株)ハピネット,東証1部,
7554,(株)幸楽苑ホールディングス,東証1部,
7555,(株)大田花き,東証JQS,
7559,ジーエフシー(株),東証JQS,
7561,(株)ハークスレイ,東証1部,
7562,(株)安楽亭,東証2部,
7564,(株)ワークマン,東証JQS,
7565,萬世電機(株),東証2部,
7567,(株)栄電子,東証JQS,
7570,橋本総業ホールディングス(株),東証1部,
7571,(株)ヤマノホールディングス,東証JQS,
7575,日本ライフライン(株),東証1部,
7577,(株)パスポート,東証JQS,
7578,(株)ニチリョク,東証JQS,
7581,(株)サイゼリヤ,東証1部,
7585,(株)かんなん丸,東証JQS,
7587,(株)ＰＡＬＴＥＫ,東証2部,
7590,(株)タカショー,東証JQS,
7591,(株)エクセル,東証1部,
7593,ＶＴホールディングス(株),東証1部,
7594,マルカキカイ(株),東証1部,
7595,(株)アルゴグラフィックス,東証1部,
7596,(株)魚力,東証1部,
7597,東京貴宝(株),東証JQS,
7599,(株)ＩＤＯＭ,東証1部,
7600,(株)日本エム・ディ・エム,東証1部,
7601,(株)ポプラ,東証1部,
7602,(株)カーチスホールディングス,東証2部,
7603,(株)マックハウス,東証JQS,
7604,(株)梅の花,東証2部,
7605,(株)フジ・コーポレーション,東証1部,
7606,(株)ユナイテッドアローズ,東証1部,
7607,(株)進和,東証1部,
7608,(株)エスケイジャパン,東証1部,
7609,ダイトロン(株),東証1部,
7610,(株)テイツー,東証JQS,
7611,(株)ハイデイ日高,東証1部,
7612,(株)Ｎｕｔｓ,東証JQS,
7613,シークス(株),東証1部,
7614,(株)オーエムツーネットワーク,東証JQS,
7615,京都きもの友禅(株),東証1部,
7616,(株)コロワイド,東証1部,
7618,(株)ピーシーデポコーポレーション,東証1部,
7619,田中商事(株),東証1部,
7621,(株)うかい,東証JQS,
7623,(株)サンオータス,東証JQS,
7624,(株)ＮａＩＴＯ,東証JQS,
7625,(株)グローバルダイニング,東証2部,
7628,(株)オーハシテクニカ,東証1部,
7630,(株)壱番屋,東証1部,
7634,(株)星医療酸器,東証JQS,
7635,杉田エース(株),東証JQS,
7636,(株)ハンズマン,東証JQS,
7637,白銅(株),東証1部,
7638,(株)ＮＥＷ　ＡＲＴ,東証JQS,
7640,(株)トップカルチャー,東証1部,
7643,(株)ダイイチ,東証JQS,
7646,(株)ＰＬＡＮＴ,東証1部,
7647,(株)音通,東証2部,
7648,(株)トーカン,名証2部,
7649,スギホールディングス(株),東証1部,
7701,(株)島津製作所,東証1部,
7702,(株)ＪＭＳ,東証1部,
7703,川澄化学工業(株),東証2部,
7705,ジーエルサイエンス(株),東証2部,
7707,プレシジョン・システム・サイエンス(株),マザーズ,
7709,クボテック(株),東証1部,
7711,助川電気工業(株),東証JQS,
7713,シグマ光機(株),東証JQS,
7715,長野計器(株),東証1部,
7716,(株)ナカニシ,東証JQS,
7717,(株)ブイ・テクノロジー,東証1部,
7718,スター精密(株),東証1部,
7719,(株)東京衡機,東証2部,
7721,東京計器(株),東証1部,
7722,国際計測器(株),東証JQS,
7723,愛知時計電機(株),東証1部,
7725,(株)インターアクション,東証1部,
7726,黒田精工(株),東証2部,
7727,(株)オーバル,東証1部,
7729,(株)東京精密,東証1部,
7730,マニー(株),東証1部,
7731,(株)ニコン,東証1部,1
7732,(株)トプコン,東証1部,
7733,オリンパス(株),東証1部,1
7734,理研計器(株),東証1部,
7735,(株)ＳＣＲＥＥＮホールディングス,東証1部,1
7739,キヤノン電子(株),東証1部,
7740,(株)タムロン,東証1部,
7741,ＨＯＹＡ(株),東証1部,
7743,(株)シード,東証1部,
7744,ノーリツ鋼機(株),東証1部,
7745,(株)エー・アンド・デイ,東証1部,
7746,岡本硝子(株),東証JQS,
7747,朝日インテック(株),東証2部,
7748,(株)ホロン,東証JQS,
7749,メディキット(株),東証JQS,
7751,キヤノン(株),東証1部,1
7752,(株)リコー,東証1部,1
7758,(株)セコニックホールディングス,東証2部,
7760,ＩＭＶ(株),東証JQS,
7762,シチズン時計(株),東証1部,1
7768,ジェコー(株),東証2部,
7769,リズム時計工業(株),東証1部,
7771,日本精密(株),東証JQS,
7774,(株)ジャパン・ティッシュ・エンジニアリング,東証JQG,
7775,大研医器(株),東証1部,
7776,(株)セルシード,東証JQG,
7777,(株)スリー・ディー・マトリックス,東証JQG,
7779,ＣＹＢＥＲＤＹＮＥ(株),マザーズ,
7780,(株)メニコン,東証1部,
7781,(株)平山ホールディングス,東証JQS,
7782,(株)シンシア,マザーズ,
7810,(株)クロスフォー,,
7811,中本パックス(株),東証2部,
7812,(株)クレステック,東証JQS,
7813,(株)プラッツ,マザーズ,
7814,(株)日本創発グループ,東証JQS,
7815,東京ボード工業(株),東証2部,
7816,(株)スノーピーク,東証1部,
7817,パラマウントベッドホールディングス(株),東証1部,
7818,(株)トランザクション,東証1部,
7819,ＳＨＯ?ＢＩ(株),東証1部,
7820,ニホンフラッシュ(株),東証1部,
7821,前田工繊(株),東証1部,
7822,永大産業(株),東証1部,
7823,(株)アートネイチャー,東証1部,
7825,ダンロップスポーツ(株),東証1部,
7826,(株)フルヤ金属,東証JQS,
7827,(株)オービス,東証JQS,
7829,(株)サマンサタバサジャパンリミテッド,マザーズ,
7831,(株)ウイルコホールディングス,東証2部,
7832,(株)バンダイナムコホールディングス,東証1部,
7833,(株)アイフィスジャパン,東証1部,
7834,マルマン(株),東証JQS,
7836,アビックス(株),東証JQS,
7837,(株)アールシーコア,東証JQS,
7838,共立印刷(株),東証1部,
7839,(株)ＳＨＯＥＩ,東証1部,
7840,フランスベッドホールディングス(株),東証1部,
7841,(株)遠藤製作所,東証JQS,
7844,(株)マーベラス,東証1部,
7846,(株)パイロットコーポレーション,東証1部,
7847,(株)グラファイトデザイン,東証JQS,
7849,スターツ出版(株),東証JQS,
7850,総合商研(株),東証JQS,
7851,カワセコンピュータサプライ(株),東証2部,
7855,カーディナル(株),東証JQG,
7856,萩原工業(株),東証1部,
7857,セキ(株),東証JQS,
7859,(株)アルメディオ,東証2部,
7860,エイベックス・グループ・ホールディングス(株),東証1部,
7862,トッパン・フォームズ(株),東証1部,
7863,(株)平賀,東証JQS,
7864,(株)フジシールインターナショナル,東証1部,
7865,ピープル(株),東証JQS,
7867,(株)タカラトミー,東証1部,
7868,(株)廣済堂,東証1部,
7869,日本フォームサービス(株),東証JQS,
7870,福島印刷(株),名証2部,
7871,フクビ化学工業(株),東証2部,
7872,Ａｓ?ｍｅエステール(株),東証1部,
7873,(株)アーク,東証1部,
7874,レック(株),東証1部,
7875,竹田印刷(株),名証2部,
7877,永大化工(株),東証JQS,
7878,(株)光彩工芸,東証JQS,
7879,(株)ノダ,東証2部,
7883,サンメッセ(株),東証JQS,
7885,タカノ(株),東証1部,
7886,ヤマト・インダストリー(株),東証JQS,
7887,南海プライウッド(株),東証2部,
7888,三光合成(株),東証JQS,
7889,(株)桑山,東証JQS,
7891,日本ユピカ(株),東証JQS,
7893,(株)プロネクサス,東証1部,
7894,丸東産業(株),福証,
7895,中央化学(株),東証JQS,
7896,セブン工業(株),東証2部,
7897,ホクシン(株),東証1部,
7898,(株)ウッドワン,東証1部,
7899,ＭＩＣＳ化学(株),東証JQS,
7901,(株)マツモト,東証JQS,
7902,(株)ソノコム,東証JQS,
7903,名古屋木材(株),名証2部,
7905,大建工業(株),東証1部,
7906,ヨネックス(株),東証2部,
7908,ＫＩＭＯＴＯ,東証1部,
7911,凸版印刷(株),東証1部,1
7912,大日本印刷(株),東証1部,1
7913,図書印刷(株),東証1部,
7914,共同印刷(株),東証1部,
7915,日本写真印刷(株),東証1部,
7916,光村印刷(株),東証1部,
7917,藤森工業(株),東証1部,
7918,(株)ヴィア・ホールディングス,東証1部,
7919,野崎印刷紙業(株),東証2部,
7921,宝印刷(株),東証1部,
7922,三光産業(株),東証JQS,
7923,トーイン(株),東証JQS,
7925,前澤化成工業(株),東証1部,
7927,ムトー精工(株),東証JQS,
7928,旭化学工業(株),東証JQS,
7931,未来工業(株),名証2部,
7932,(株)ニッピ,東証JQS,
7936,(株)アシックス,東証1部,
7937,(株)ツツミ,東証1部,
7938,(株)リーガルコーポレーション,東証JQS,
7939,(株)研創,東証JQS,
7940,ウェーブロックホールディングス(株),東証2部,
7942,(株)ＪＳＰ,東証1部,
7943,ニチハ(株),東証1部,
7945,コマニー(株),東証2部,
7946,(株)光陽社,東証2部,
7947,(株)エフピコ,東証1部,
7949,小松ウオール工業(株),東証1部,
7950,日本デコラックス(株),名証2部,
7951,ヤマハ(株),東証1部,1
7952,(株)河合楽器製作所,東証1部,
7953,菊水化学工業(株),東証2部,
7955,クリナップ(株),東証1部,
7956,ピジョン(株),東証1部,
7957,フジコピアン(株),東証2部,
7958,天馬(株),東証1部,
7959,(株)オリバー,名証2部,
7961,兼松サステック(株),東証1部,
7962,(株)キングジム,東証1部,
7963,興研(株),東証JQS,
7965,象印マホービン(株),東証2部,
7966,リンテック(株),東証1部,
7968,(株)ＴＡＳＡＫＩ,東証1部,
7970,信越ポリマー(株),東証1部,
7971,東リ(株),東証1部,
7972,(株)イトーキ,東証1部,
7974,任天堂(株),東証1部,
7975,(株)リヒトラブ,東証2部,
7976,三菱鉛筆(株),東証1部,
7979,(株)松風,東証1部,
7980,(株)重松製作所,東証JQS,
7981,タカラスタンダード(株),東証1部,
7983,(株)ミロク,東証2部,
7984,コクヨ(株),東証1部,
7985,ネポン(株),東証2部,
7986,日本アイ・エス・ケイ(株),東証JQS,
7987,ナカバヤシ(株),東証1部,
7988,(株)ニフコ,東証1部,
7989,立川ブラインド工業(株),東証1部,
7990,グローブライド(株),東証1部,
7991,マミヤ・オーピー(株),東証2部,
7992,セーラー万年筆(株),東証2部,
7994,(株)岡村製作所,東証1部,
7995,日本バルカー工業(株),東証1部,
7997,(株)くろがね工作所,東証2部,
7999,ＭＵＴＯＨホールディングス(株),東証1部,
8001,伊藤忠商事(株),東証1部,1
8002,丸紅(株),東証1部,1
8005,(株)スクロール,東証1部,
8006,ユアサ・フナショク(株),東証2部,
8007,高島(株),東証1部,
8008,４℃ホールディングス,東証1部,
8011,(株)三陽商会,東証1部,
8012,長瀬産業(株),東証1部,
8013,(株)ナイガイ,東証1部,
8014,蝶理(株),東証1部,
8015,豊田通商(株),東証1部,1
8016,(株)オンワードホールディングス,東証1部,
8018,三共生興(株),東証1部,
8020,兼松(株),東証1部,
8022,ミズノ(株),東証1部,
8023,大興電子通信(株),東証2部,
8025,(株)ツカモトコーポレーション,東証1部,
8028,ユニー・ファミリーマートホールディングス(株),東証1部,1
8029,(株)ルック,東証1部,
8030,中央魚類(株),東証2部,
8031,三井物産(株),東証1部,1
8032,日本紙パルプ商事(株),東証1部,
8035,東京エレクトロン(株),東証1部,1
8036,(株)日立ハイテクノロジーズ,東証1部,
8037,カメイ(株),東証1部,
8038,東都水産(株),東証1部,
8039,築地魚市場(株),東証2部,
8040,(株)東京ソワール,東証2部,
8041,ＯＵＧホールディングス(株),東証1部,
8043,スターゼン(株),東証1部,
8044,大都魚類(株),東証2部,
8045,横浜丸魚(株),東証JQS,
8046,丸藤シートパイル(株),東証2部,
8050,セイコーホールディングス(株),東証1部,
8051,(株)山善,東証1部,
8052,椿本興業(株),東証1部,
8053,住友商事(株),東証1部,1
8056,日本ユニシス(株),東証1部,
8057,(株)内田洋行,東証1部,
8058,三菱商事(株),東証1部,1
8059,第一実業(株),東証1部,
8060,キヤノンマーケティングジャパン(株),東証1部,
8061,西華産業(株),東証1部,
8065,佐藤商事(株),東証1部,
8066,三谷商事(株),東証2部,
8068,菱洋エレクトロ(株),東証1部,
8070,東京産業(株),東証1部,
8071,東海エレクトロニクス(株),名証2部,
8072,日本出版貿易(株),東証JQS,
8074,ユアサ商事(株),東証1部,
8075,神鋼商事(株),東証1部,
8076,(株)カノークス,名証2部,
8077,小林産業(株),東証1部,
8078,阪和興業(株),東証1部,
8079,正栄食品工業(株),東証2部,
8081,(株)カナデン,東証1部,
8084,菱電商事(株),東証1部,
8085,ナラサキ産業(株),東証2部,
8086,ニプロ(株),東証1部,
8087,フルサト工業(株),東証1部,
8088,岩谷産業(株),東証1部,
8089,すてきナイスグループ(株),東証1部,
8090,昭光通商(株),東証1部,
8091,ニチモウ(株),東証1部,
8093,極東貿易(株),東証1部,
8095,イワキ(株),東証1部,
8096,兼松エレクトロニクス(株),東証1部,
8097,三愛石油(株),東証1部,
8098,稲畑産業(株),東証1部,
8101,(株)ＧＳＩクレオス,東証1部,
8103,明和産業(株),東証1部,
8104,(株)クワザワ,札証,
8105,堀田丸正(株),東証2部,
8107,(株)キムラタン,東証1部,
8108,ヤマエ久野(株),福証,
8111,(株)ゴールドウイン,東証1部,
8113,ユニ・チャーム(株),東証1部,
8114,(株)デサント,東証1部,
8115,ムーンバット(株),東証2部,
8117,中央自動車工業(株),東証2部,
8118,(株)キング,東証1部,
8119,(株)三栄コーポレーション,東証JQS,
8123,川辺(株),東証JQS,
8125,(株)ワキタ,東証1部,
8127,ヤマト　インターナショナル(株),東証1部,
8129,東邦ホールディングス(株),東証1部,
8130,(株)サンゲツ,東証1部,
8131,(株)ミツウロコグループホールディングス,東証1部,
8132,シナネンホールディングス(株),東証1部,
8133,伊藤忠エネクス(株),東証1部,
8135,ゼット(株),東証2部,
8136,(株)サンリオ,東証1部,
8137,サンワテクノス(株),東証1部,
8138,三京化成(株),東証2部,
8139,(株)ナガホリ,東証2部,
8140,(株)リョーサン,東証1部,
8141,新光商事(株),東証1部,
8142,(株)トーホー,東証1部,
8143,(株)ラピーヌ,東証2部,
8144,(株)電響社,東証2部,
8145,中部水産(株),名証2部,
8147,(株)トミタ,東証JQS,
8148,上原成商事(株),東証2部,
8150,三信電気(株),東証1部,
8151,(株)東陽テクニカ,東証1部,
8152,ソマール(株),東証2部,
8153,(株)モスフードサービス,東証1部,
8154,加賀電子(株),東証1部,
8155,三益半導体工業(株),東証1部,
8157,都築電気(株),東証2部,
8158,ソーダニッカ(株),東証1部,
8159,(株)立花エレテック,東証1部,
8160,(株)木曽路,東証1部,
8163,サトレストランシステムズ(株),東証1部,
8165,(株)千趣会,東証1部,
8166,(株)タカキュー,東証1部,
8167,(株)リテールパートナーズ,東証2部,
8168,(株)ケーヨー,東証1部,
8171,マックスバリュ中部(株),名証2部,
8173,上新電機(株),東証1部,
8174,日本瓦斯(株),東証1部,
8179,ロイヤルホールディングス(株),東証1部,
8181,(株)東天紅,東証1部,
8182,(株)いなげや,東証1部,
8184,(株)島忠,東証1部,
8185,(株)チヨダ,東証1部,
8186,(株)大塚家具,東証JQS,
8190,(株)ヤマナカ,名証2部,
8191,(株)光製作所,東証JQS,
8194,(株)ライフコーポレーション,東証1部,
8198,マックスバリュ東海(株),東証2部,
8200,(株)リンガーハット,東証1部,
8201,(株)さが美,東証1部,
8202,ラオックス(株),東証2部,
8203,(株)ＭｒＭａｘ,東証1部,
8205,シャクリー・グローバル・グループ(株),東証JQS,
8207,テンアライド(株),東証1部,
8208,(株)エンチョー,東証JQS,
8209,(株)フレンドリー,東証2部,
8214,(株)ＡＯＫＩホールディングス,東証1部,
8215,(株)銀座山形屋,東証JQS,
8217,(株)オークワ,東証1部,
8218,(株)コメリ,東証1部,
8219,青山商事(株),東証1部,
8225,(株)タカチホ,東証JQS,
8226,(株)理経,東証2部,
8227,(株)しまむら,東証1部,
8228,(株)マルイチ産商,名証2部,
8230,(株)はせがわ,東証1部,
8233,(株)高島屋,東証1部,1
8237,(株)松屋,東証1部,
8242,エイチ・ツー・オー　リテイリング(株),東証1部,
8244,(株)近鉄百貨店,東証1部,
8247,(株)大和,東証2部,
8249,(株)テクノアソシエ,東証2部,
8251,(株)パルコ,東証1部,
8252,(株)丸井グループ,東証1部,1
8253,(株)クレディセゾン,東証1部,1
8254,(株)さいか屋,東証2部,
8255,アクシアル　リテイリング(株),東証1部,
8256,(株)プロルート丸光,東証JQS,
8257,(株)山陽百貨店,東証JQS,
8260,(株)井筒屋,東証1部,
8267,イオン(株),東証1部,1
8273,(株)イズミ,東証1部,
8274,(株)東武ストア,東証1部,
8275,(株)フォーバル,東証1部,
8276,(株)平和堂,東証1部,
8278,(株)フジ,東証1部,
8279,(株)ヤオコー,東証1部,
8281,ゼビオホールディングス(株),東証1部,
8282,(株)ケーズホールディングス,東証1部,
8283,(株)ＰＡＬＴＡＣ,東証1部,
8285,三谷産業(株),東証1部,
8287,マックスバリュ西日本(株),東証2部,
8289,(株)Ｏｌｙｍｐｉｃグループ,東証1部,
8291,日産東京販売ホールディングス(株),東証1部,
8293,(株)ＡＴグループ,名証2部,
8298,(株)ファミリー,東証JQS,
8301,日本銀行,東証,
8303,(株)新生銀行,東証1部,1
8304,(株)あおぞら銀行,東証1部,1
8306,(株)三菱ＵＦＪフィナンシャル・グループ,東証1部,1
8308,(株)りそなホールディングス,東証1部,1
8309,三井住友トラスト・ホールディングス(株),東証1部,1
8316,(株)三井住友フィナンシャルグループ,東証1部,1
8324,(株)第四銀行,東証1部,
8325,(株)北越銀行,東証1部,
8331,(株)千葉銀行,東証1部,1
8334,(株)群馬銀行,東証1部,
8336,(株)武蔵野銀行,東証1部,
8337,(株)千葉興業銀行,東証1部,
8338,(株)筑波銀行,東証1部,
8341,(株)七十七銀行,東証1部,
8342,(株)青森銀行,東証1部,
8343,(株)秋田銀行,東証1部,
8344,(株)山形銀行,東証1部,
8345,(株)岩手銀行,東証1部,
8346,(株)東邦銀行,東証1部,
8349,(株)東北銀行,東証1部,
8350,(株)みちのく銀行,東証1部,
8354,(株)ふくおかフィナンシャルグループ,東証1部,1
8355,(株)静岡銀行,東証1部,1
8356,(株)十六銀行,東証1部,
8358,スルガ銀行(株),東証1部,
8359,(株)八十二銀行,東証1部,
8360,(株)山梨中央銀行,東証1部,
8361,(株)大垣共立銀行,東証1部,
8362,(株)福井銀行,東証1部,
8363,(株)北國銀行,東証1部,
8364,(株)清水銀行,東証1部,
8365,(株)富山銀行,東証1部,
8366,(株)滋賀銀行,東証1部,
8367,(株)南都銀行,東証1部,
8368,(株)百五銀行,東証1部,
8369,(株)京都銀行,東証1部,
8370,(株)紀陽銀行,東証1部,
8374,(株)三重銀行,東証1部,
8377,(株)ほくほくフィナンシャルグループ,東証1部,
8379,(株)広島銀行,東証1部,
8381,(株)山陰合同銀行,東証1部,
8382,(株)中国銀行,東証1部,
8383,(株)鳥取銀行,東証1部,
8385,(株)伊予銀行,東証1部,
8386,(株)百十四銀行,東証1部,
8387,(株)四国銀行,東証1部,
8388,(株)阿波銀行,東証1部,
8392,(株)大分銀行,東証1部,
8393,(株)宮崎銀行,東証1部,
8395,(株)佐賀銀行,東証1部,
8396,(株)十八銀行,東証1部,
8397,(株)沖縄銀行,東証1部,
8398,(株)筑邦銀行,福証,
8399,(株)琉球銀行,東証1部,
8410,(株)セブン銀行,東証1部,
8411,(株)みずほフィナンシャルグループ,東証1部,1
8416,(株)高知銀行,東証1部,
8418,(株)山口フィナンシャルグループ,東証1部,
8423,アクリーティブ(株),東証1部,
8424,芙蓉総合リース(株),東証1部,
8425,興銀リース(株),東証1部,
8439,東京センチュリー(株),東証1部,
8462,フューチャーベンチャーキャピタル(株),東証JQS,
8473,ＳＢＩホールディングス(株),東証1部,
8508,Ｊトラスト(株),東証2部,
8511,日本証券金融(株),東証1部,
8513,中部証券金融(株),名証2部,
8515,アイフル(株),東証1部,
8518,日本アジア投資(株),東証1部,
8519,ポケットカード(株),東証1部,
8521,(株)長野銀行,東証1部,
8522,(株)名古屋銀行,東証1部,
8524,(株)北洋銀行,東証1部,
8527,(株)愛知銀行,東証1部,
8529,(株)第三銀行,東証1部,
8530,(株)中京銀行,東証1部,
8537,(株)大光銀行,東証1部,
8540,(株)福岡中央銀行,福証,
8541,(株)愛媛銀行,東証1部,
8542,(株)トマト銀行,東証1部,
8543,(株)みなと銀行,東証1部,
8544,(株)京葉銀行,東証1部,
8545,(株)関西アーバン銀行,東証1部,
8550,(株)栃木銀行,東証1部,
8551,(株)北日本銀行,東証1部,
8554,(株)南日本銀行,福証,
8558,(株)東和銀行,東証1部,
8559,(株)豊和銀行,福証,
8560,(株)宮崎太陽銀行,福証,
8562,(株)福島銀行,東証1部,
8563,(株)大東銀行,東証1部,
8566,リコーリース(株),東証1部,
8570,イオンフィナンシャルサービス(株),東証1部,
8572,アコム(株),東証1部,
8584,(株)ジャックス,東証1部,
8585,(株)オリエントコーポレーション,東証1部,
8586,日立キャピタル(株),東証1部,
8589,(株)アプラスフィナンシャル,東証1部,
8591,オリックス(株),東証1部,
8593,三菱ＵＦＪリース(株),東証1部,
8594,中道リース(株),札証,
8595,(株)ジャフコ,東証1部,
8596,(株)九州リースサービス,東証2部,
8600,トモニホールディングス(株),東証1部,
8601,(株)大和証券グループ本社,東証1部,1
8604,野村ホールディングス(株),東証1部,1
8609,(株)岡三証券グループ,東証1部,
8613,丸三証券(株),東証1部,
8614,東洋証券(株),東証1部,
8616,東海東京フィナンシャル・ホールディングス(株),東証1部,
8617,光世証券(株),東証1部,
8622,水戸証券(株),東証1部,
8624,いちよし証券(株),東証1部,
8628,松井証券(株),東証1部,1
8630,ＳＯＭＰＯホールディングス(株),東証1部,1
8682,モルガン・スタンレー・アジア?パシフィック・ファンド,東証,
8685,ＡＩＧ,東証外国,
8686,アフラック,東証外国,
8692,(株)だいこう証券ビジネス,東証1部,
8697,(株)日本取引所グループ,東証1部,
8698,マネックスグループ(株),東証1部,
8699,澤田ホールディングス(株),東証JQS,
8700,丸八証券(株),東証JQS,
8703,カブドットコム証券(株),東証1部,
8704,トレイダーズホールディングス(株),東証JQS,
8705,岡藤ホールディングス(株),東証JQS,
8706,極東証券(株),東証1部,
8707,岩井コスモホールディングス(株),東証1部,
8708,藍澤證券(株),東証1部,
8709,インヴァスト証券(株),東証JQS,
8713,フィデアホールディングス(株),東証1部,
8714,(株)池田泉州ホールディングス,東証1部,
8715,アニコム　ホールディングス(株),東証1部,
8725,ＭＳ＆ＡＤインシュアランスグループホールディングス(株),東証1部,1
8729,ソニーフィナンシャルホールディングス(株),東証1部,1
8732,(株)マネーパートナーズグループ,東証1部,
8737,(株)あかつき本社,東証2部,
8739,スパークス・グループ(株),東証JQS,
8740,(株)フジトミ,東証JQS,
8742,(株)小林洋行,東証1部,
8746,第一商品(株),東証JQS,
8747,豊商事(株),東証JQS,
8750,第一生命ホールディングス(株),東証1部,1
8766,東京海上ホールディングス(株),東証1部,1
8769,(株)アドバンテッジリスクマネジメント,東証2部,
8771,イー・ギャランティ(株),東証1部,
8772,(株)アサックス,東証1部,
8783,ＧＦＡ(株),東証JQS,
8787,(株)ＵＣＳ,東証JQS,
8789,フィンテック　グローバル(株),マザーズ,
8793,ＮＥＣキャピタルソリューション(株),東証1部,
8795,(株)Ｔ＆Ｄホールディングス,東証1部,1
8798,(株)アドバンスクリエイト,東証1部,
8801,三井不動産(株),東証1部,1
8802,三菱地所(株),東証1部,1
8803,平和不動産(株),東証1部,
8804,東京建物(株),東証1部,1
8806,ダイビル(株),東証1部,
8818,京阪神ビルディング(株),東証1部,
8830,住友不動産(株),東証1部,1
8835,太平洋興発(株),東証1部,
8836,(株)ＲＩＳＥ,東証JQS,
8840,(株)大京,東証1部,
8841,(株)テーオーシー,東証1部,
8842,(株)東京楽天地,東証1部,
8844,(株)コスモスイニシア,東証JQS,
8848,(株)レオパレス２１,東証1部,
8850,スターツコーポレーション(株),東証1部,
8851,アーバンライフ(株),東証2部,
8854,(株)日住サービス,東証2部,
8860,フジ住宅(株),東証1部,
8864,空港施設(株),東証1部,
8869,明和地所(株),東証1部,
8871,(株)ゴールドクレスト,東証1部,
8876,(株)リログループ,東証1部,
8877,日本エスリード(株),東証1部,
8881,日神不動産(株),東証1部,
8885,(株)ラ・アトレ,東証JQG,
8886,(株)ウッドフレンズ,東証JQS,
8887,リベレステ(株),東証JQS,
8889,(株)アパマンショップホールディングス,東証JQS,
8890,(株)レーサム,東証JQS,
8891,(株)エムジーホーム,東証2部,
8892,(株)日本エスコン,東証1部,
8893,(株)新日本建物,東証JQS,
8894,(株)原弘産,東証2部,
8897,(株)タカラレーベン,東証1部,
8898,(株)センチュリー２１・ジャパン,東証JQS,
8903,(株)サンウッド,東証JQS,
8904,(株)サンヨーハウジング名古屋,東証1部,
8905,イオンモール(株),東証1部,
8908,(株)毎日コムネット,東証JQS,
8909,(株)シノケングループ,東証JQS,
8912,(株)エリアクエスト,東証2部,
8914,エリアリンク(株),マザーズ,
8917,ファースト住建(株),東証1部,
8918,(株)ランド,東証1部,
8920,(株)東祥,東証1部,
8922,日本アセットマーケティング(株),マザーズ,
8923,トーセイ(株),東証1部,
8925,(株)アルデプロ,東証2部,
8927,(株)明豊エンタープライズ,東証JQS,
8928,穴吹興産(株),東証1部,
8929,(株)青山財産ネットワークス,東証2部,
8931,和田興産(株),東証JQS,
8933,ＮＴＴ都市開発(株),東証1部,
8934,サンフロンティア不動産(株),東証1部,
8935,(株)ＦＪネクスト,東証1部,
8938,ＬＣホールディングス(株),東証JQG,
8940,(株)インテリックス,東証1部,
8944,(株)ランドビジネス,東証1部,
8945,日本社宅サービス(株),東証2部,
8946,(株)ＡＳＩＡＮ　ＳＴＡＲ,東証JQS,
8951,日本ビルファンド投資法人,東証,
8952,ジャパンリアルエステイト投資法人,東証,
8953,日本リテールファンド投資法人,東証,
8954,オリックス不動産投資法人,東証,
8955,日本プライムリアルティ投資法人,東証,
8956,プレミア投資法人,東証,
8957,東急リアル・エステート投資法人,東証,
8958,グローバル・ワン不動産投資法人,東証,
8959,野村不動産オフィスファンド投資法人,東証,
8960,ユナイテッド・アーバン投資法人,東証,
8961,森トラスト総合リート投資法人,東証,
8962,日本レジデンシャル投資法人,東証,
8963,インヴィンシブル投資法人,東証,
8964,フロンティア不動産投資法人,東証,
8965,ニューシティ・レジデンス投資法人,,
8966,平和不動産リート投資法人,東証,
8967,日本ロジスティクスファンド投資法人,東証,
8968,福岡リート投資法人,東証,
8969,プロスペクト・リート投資法人,東証,
8970,ジャパン・シングルレジデンス投資法人,東証,
8972,ケネディクス・オフィス投資法人,東証,
8973,積水ハウス・レジデンシャル投資法人,東証,
8974,ラサール　ジャパン投資法人,東証,
8975,いちごオフィスリート投資法人,東証,
8976,大和証券オフィス投資法人,東証,
8977,阪急リート投資法人,東証,
8978,アドバンス・レジデンス投資法人（旧）,東証,
8979,スターツプロシード投資法人,東証,
8980,エルシーピー投資法人,東証,
8981,ジャパン・ホテル・アンド・リゾート投資法人,東証,
8982,トップリート投資法人,東証,
8983,いちご不動産投資法人（旧）,東証,
8984,大和ハウスリート投資法人,東証,
8985,ジャパン・ホテル・リート投資法人,東証,
8986,日本賃貸住宅投資法人,東証,
8987,ジャパンエクセレント投資法人,東証,
8995,(株)誠建設工業,東証2部,
8996,(株)ハウスフリーダム,福岡Q,
8999,グランディハウス(株),東証1部,
9001,東武鉄道(株),東証1部,1
9003,相鉄ホールディングス(株),東証1部,
9005,東京急行電鉄(株),東証1部,1
9006,京浜急行電鉄(株),東証1部,
9007,小田急電鉄(株),東証1部,1
9008,京王電鉄(株),東証1部,1
9009,京成電鉄(株),東証1部,1
9010,富士急行(株),東証1部,
9012,秩父鉄道(株),東証JQS,
9014,新京成電鉄(株),東証1部,
9017,新潟交通(株),東証2部,
9020,東日本旅客鉄道(株),東証1部,1
9021,西日本旅客鉄道(株),東証1部,1
9022,東海旅客鉄道(株),東証1部,1
9024,(株)西武ホールディングス,東証1部,
9025,鴻池運輸(株),東証1部,
9027,(株)ロジネット　ジャパン,札証,
9028,(株)ゼロ,東証2部,
9029,(株)ヒガシトゥエンティワン,東証2部,
9031,西日本鉄道(株),東証1部,
9033,広島電鉄(株),東証2部,
9034,南総通運(株),東証JQS,
9035,第一交通産業(株),福証,
9036,東部ネットワーク(株),東証JQS,
9037,(株)ハマキョウレックス,東証1部,
9039,(株)サカイ引越センター,東証1部,
9040,大宝運輸(株),名証2部,
9041,近鉄グループホールディングス(株),東証1部,
9042,阪急阪神ホールディングス(株),東証1部,
9044,南海電気鉄道(株),東証1部,
9045,京阪ホールディングス(株),東証1部,
9046,神戸電鉄(株),東証1部,
9048,名古屋鉄道(株),東証1部,
9049,京福電気鉄道(株),東証2部,
9051,センコン物流(株),東証JQS,
9052,山陽電気鉄道(株),東証1部,
9055,(株)アルプス物流,東証2部,
9057,遠州トラック(株),東証JQS,
9058,トランコム(株),東証1部,
9059,カンダホールディングス(株),東証2部,
9060,日本ロジテム(株),東証JQS,
9062,日本通運(株),東証1部,1
9063,岡山県貨物運送(株),東証2部,
9064,ヤマトホールディングス(株),東証1部,1
9065,山九(株),東証1部,
9066,(株)日新,東証1部,
9067,(株)丸運,東証1部,
9068,丸全昭和運輸(株),東証1部,
9069,センコーグループホールディングス(株),東証1部,
9070,トナミホールディングス(株),東証1部,
9072,ニッコンホールディングス(株),東証1部,
9073,京極運輸商事(株),東証JQS,
9074,日本石油輸送(株),東証1部,
9075,福山通運(株),東証1部,
9076,セイノーホールディングス(株),東証1部,
9077,名鉄運輸(株),名証2部,
9078,(株)エスライン,東証2部,
9081,神奈川中央交通(株),東証1部,
9082,大和自動車交通(株),東証2部,
9083,神姫バス(株),東証2部,
9085,北海道中央バス(株),札証,
9086,(株)日立物流,東証1部,
9087,タカセ(株),東証JQS,
9090,(株)丸和運輸機関,東証1部,
9099,(株)Ｃ＆Ｆロジホールディングス,東証1部,
9101,日本郵船(株),東証1部,1
9104,(株)商船三井,東証1部,1
9107,川崎汽船(株),東証1部,1
9110,ＮＳユナイテッド海運(株),東証1部,
9115,明治海運(株),東証1部,
9119,飯野海運(株),東証1部,
9127,玉井商船(株),東証2部,
9130,共栄タンカー(株),東証1部,
9133,(株)東栄リーファーライン,東証JQS,
9142,九州旅客鉄道(株),東証1部,
9171,栗林商船(株),東証2部,
9173,東海汽船(株),東証2部,
9176,佐渡汽船(株),東証JQS,
9179,川崎近海汽船(株),東証2部,
9193,東京汽船(株),東証2部,
9201,日本航空(株),東証1部,
9202,ＡＮＡホールディングス(株),東証1部,1
9206,(株)スターフライヤー,東証2部,
9232,(株)パスコ,東証1部,
9233,アジア航測(株),東証2部,
9301,三菱倉庫(株),東証1部,1
9302,三井倉庫ホールディングス(株),東証1部,
9303,(株)住友倉庫,東証1部,
9304,澁澤倉庫(株),東証1部,
9305,(株)ヤマタネ,東証1部,
9306,東陽倉庫(株),東証1部,
9307,(株)杉村倉庫,東証2部,
9308,乾汽船(株),東証1部,
9310,日本トランスシティ(株),東証1部,
9311,アサガミ(株),東証2部,
9312,ケイヒン(株),東証1部,
9313,丸八倉庫(株),東証2部,
9318,アジア開発キャピタル(株),東証2部,
9319,(株)中央倉庫,東証1部,
9322,川西倉庫(株),東証1部,
9324,安田倉庫(株),東証1部,
9325,(株)ファイズ,マザーズ,
9351,東洋埠頭(株),東証1部,
9353,櫻島埠頭(株),東証2部,
9355,(株)リンコーコーポレーション,東証2部,
9357,名港海運(株),名証2部,
9358,(株)宇徳,東証1部,
9359,伊勢湾海運(株),名証2部,
9360,鈴与シンワート(株),東証2部,
9361,伏木海陸運送(株),東証2部,
9362,兵機海運(株),東証2部,
9363,(株)大運,東証2部,
9364,(株)上組,東証1部,
9365,トレーディア(株),東証2部,
9366,(株)サンリツ,東証1部,
9367,大東港運(株),東証JQS,
9368,キムラユニティー(株),東証1部,
9369,(株)キユーソー流通システム,東証1部,
9370,郵船ロジスティクス(株),東証1部,
9375,(株)近鉄エクスプレス,東証1部,
9376,(株)ユーラシア旅行社,東証JQS,
9377,(株)エージーピー,東証JQS,
9380,東海運(株),東証1部,
9381,(株)エーアイテイー,東証1部,
9384,内外トランスライン(株),東証1部,
9385,(株)ショーエイコーポレーション,東証JQG,
9386,日本コンセプト(株),東証2部,
9399,新華ホールディングス・リミテッド,東証,
9401,ＴＢＳホールディングス,東証1部,
9402,中部日本放送(株),名証1部,
9404,日本テレビホールディングス(株),東証1部,
9405,朝日放送(株),東証1部,
9407,(株)ＲＫＢ毎日ホールディングス,福証,
9408,(株)新潟放送,東証JQS,
9409,(株)テレビ朝日ホールディングス,東証1部,
9412,(株)スカパーＪＳＡＴホールディングス,東証1部,1
9413,(株)テレビ東京ホールディングス,東証1部,
9414,ＢＳ１１,東証1部,
9416,(株)ビジョン,東証1部,
9417,(株)スマートバリュー,東証JQS,
9418,(株)Ｕ?ＮＥＸＴ,東証1部,
9419,(株)ワイヤレスゲート,東証1部,
9421,(株)エヌジェイホールディングス,東証JQS,
9422,コネクシオ(株),東証1部,
9423,(株)ＦＲＳ,東証JQS,
9424,日本通信(株),東証1部,
9425,日本テレホン(株),東証JQS,
9428,(株)クロップス,東証1部,
9432,日本電信電話(株),東証1部,1
9433,ＫＤＤＩ(株),東証1部,1
9435,(株)光通信,東証1部,
9436,沖縄セルラー電話(株),東証JQS,
9437,(株)ＮＴＴドコモ,東証1部,1
9438,(株)エムティーアイ,東証1部,
9439,(株)エム・エイチ・グループ,東証JQS,
9441,(株)ベルパーク,東証JQS,
9444,(株)トーシン,東証JQS,
9445,(株)フォーバルテレコム,東証2部,
9446,(株)エスケーアイ,東証JQS,
9449,ＧＭＯインターネット(株),東証1部,
9466,(株)アイドママーケティングコミュニケーション,東証1部,
9467,(株)アルファポリス,マザーズ,
9468,カドカワ(株),東証1部,
9470,(株)学研ホールディングス,東証1部,
9471,(株)文溪堂,名証2部,
9474,(株)ゼンリン,東証1部,
9475,(株)昭文社,東証1部,
9476,(株)中央経済社ホールディングス,東証JQS,
9478,ＳＥホールディングス・アンド・インキュベーションズ(株),東証JQS,
9479,(株)インプレスホールディングス,東証1部,
9501,東京電力ホールディングス(株),東証1部,1
9502,中部電力(株),東証1部,1
9503,関西電力(株),東証1部,1
9504,中国電力(株),東証1部,
9505,北陸電力(株),東証1部,
9506,東北電力(株),東証1部,
9507,四国電力(株),東証1部,
9508,九州電力(株),東証1部,
9509,北海道電力(株),東証1部,
9511,沖縄電力(株),東証1部,
9513,Ｊ?ＰＯＷＥＲ,東証1部,
9514,(株)エフオン,東証1部,
9517,イーレックス(株),東証1部,
9519,(株)レノバ,マザーズ,
9531,東京ガス(株),東証1部,1
9532,大阪ガス(株),東証1部,1
9533,東邦ガス(株),東証1部,
9534,北海道ガス(株),東証1部,
9535,広島ガス(株),東証1部,
9536,西部ガス(株),東証1部,
9537,北陸ガス(株),東証2部,
9539,京葉瓦斯(株),東証2部,
9543,静岡ガス(株),東証1部,
9551,メタウォーター(株),東証1部,
9600,(株)アイネット,東証1部,
9601,松竹(株),東証1部,
9602,東宝(株),東証1部,1
9603,(株)エイチ・アイ・エス,東証1部,
9605,東映(株),東証1部,
9610,ウィルソン・ラーニング　ワールドワイド(株),東証JQS,
9612,(株)ラックランド,東証1部,
9613,(株)ＮＴＴデータ,東証1部,1
9616,(株)共立メンテナンス,東証1部,
9619,(株)イチネンホールディングス,東証1部,
9621,(株)建設技術研究所,東証1部,
9622,(株)スペース,東証1部,
9624,(株)長大,東証2部,
9625,(株)セレスポ,東証JQS,
9627,(株)アインホールディングス,東証1部,
9628,燦ホールディングス(株),東証1部,
9629,ピー・シー・エー(株),東証1部,
9631,(株)東急レクリエーション,東証2部,
9632,スバル興業(株),東証1部,
9633,東京テアトル(株),東証1部,
9635,武蔵野興業(株),東証2部,
9636,(株)きんえい,東証2部,
9637,オーエス(株),東証2部,
9639,三協フロンテア(株),東証JQS,
9640,(株)セゾン情報システムズ,東証JQS,
9641,サコス(株),東証JQS,
9643,中日本興業(株),名証2部,
9644,(株)タナベ経営,東証1部,
9647,(株)協和コンサルタンツ,東証JQS,
9651,日本プロセス(株),東証JQS,
9656,グリーンランドリゾート(株),東証2部,
9658,(株)ビジネスブレイン太田昭和,東証1部,
9661,(株)歌舞伎座,東証2部,
9663,(株)ナガワ,東証1部,
9664,(株)御園座,名証2部,
9671,(株)よみうりランド,東証1部,
9672,東京都競馬(株),東証1部,
9674,花月園観光(株),東証2部,
9675,常磐興産(株),東証1部,
9678,(株)カナモト,東証1部,
9679,ホウライ(株),東証JQS,
9681,(株)東京ドーム,東証1部,1
9682,(株)ＤＴＳ,東証1部,
9684,(株)スクウェア・エニックス・ホールディングス,東証1部,
9685,ＫＹＣＯＭホールディングス(株),東証JQS,
9686,東洋テック(株),東証2部,
9687,(株)ＫＳＫ,東証JQS,
9691,(株)両毛システムズ,東証JQS,
9692,(株)シーイーシー,東証1部,
9695,(株)鴨川グランドホテル,東証JQS,
9696,(株)ウィザス,東証JQS,
9697,(株)カプコン,東証1部,
9698,(株)クレオ,東証JQS,
9699,西尾レントオール(株),東証1部,
9701,(株)東京會舘,東証2部,
9702,(株)アイ・エス・ビー,東証1部,
9704,(株)アゴーラ・ホスピタリティー・グループ,東証1部,
9706,日本空港ビルデング(株),東証1部,
9707,(株)ユニマット　リタイアメント・コミュニティ,東証JQS,
9708,(株)帝国ホテル,東証2部,
9709,ＮＣＳ＆Ａ(株),東証2部,
9713,(株)ロイヤルホテル,東証2部,
9715,トランスコスモス(株),東証1部,
9716,(株)乃村工藝社,東証1部,
9717,(株)ジャステック,東証1部,
9719,ＳＣＳＫ(株),東証1部,
9720,(株)ホテル、ニューグランド,東証JQS,
9722,藤田観光(株),東証1部,
9723,(株)京都ホテル,東証2部,
9726,ＫＮＴ?ＣＴホールディングス(株),東証1部,
9728,日本管財(株),東証1部,
9729,(株)トーカイ,東証1部,
9731,(株)白洋舍,東証1部,
9733,(株)ナガセ,東証JQS,
9734,(株)精養軒,東証JQS,
9735,セコム(株),東証1部,1
9739,ＮＳＷ,東証1部,
9740,ＣＳＰ,東証1部,
9742,(株)アイネス,東証1部,
9743,(株)丹青社,東証1部,
9744,(株)メイテック,東証1部,
9746,(株)ＴＫＣ,東証1部,
9747,(株)アサツー　ディ・ケイ,東証1部,
9749,富士ソフト(株),東証1部,
9753,アイエックス・ナレッジ(株),東証JQS,
9755,応用地質(株),東証1部,
9757,(株)船井総研ホールディングス,東証1部,
9758,ジャパンシステム(株),東証JQS,
9759,(株)ＮＳＤ,東証1部,
9760,(株)進学会,東証1部,
9761,東海リース(株),東証2部,
9763,丸紅建材リース(株),東証1部,
9764,技研興業(株),東証2部,
9765,(株)オオバ,東証1部,
9766,コナミホールディングス(株),東証1部,1
9767,日建工学(株),東証2部,
9768,いであ(株),東証1部,
9769,(株)学究社,東証1部,
9776,札幌臨床検査センター(株),東証JQS,
9778,(株)昴,東証JQS,
9780,(株)ハリマビステム,東証JQS,
9782,(株)ディーエムエス,東証JQS,
9783,(株)ベネッセホールディングス,東証1部,
9787,イオンディライト(株),東証1部,
9788,(株)ナック,東証1部,
9790,福井コンピュータホールディングス(株),東証1部,
9791,(株)ビケンテクノ,東証2部,
9792,(株)ニチイ学館,東証1部,
9793,(株)ダイセキ,東証1部,
9795,(株)ステップ,東証1部,
9797,大日本コンサルタント(株),東証2部,
9799,旭情報サービス(株),東証2部,
9810,日鉄住金物産(株),東証1部,
9812,(株)テーオーホールディングス,東証JQS,
9816,(株)ストライダーズ,東証JQS,
9818,大丸エナウィン(株),東証2部,
9820,エムティジェネックス(株),東証JQS,
9823,(株)マミーマート,東証JQS,
9824,泉州電業(株),東証2部,
9826,(株)ＪＥＵＧＩＡ,東証2部,
9827,リリカラ(株),東証JQS,
9828,元気寿司(株),東証1部,
9829,(株)ながの東急百貨店,東証JQS,
9830,トラスコ中山(株),東証1部,
9831,(株)ヤマダ電機,東証1部,
9832,(株)オートバックスセブン,東証1部,
9835,(株)ジュンテンドー,東証2部,
9836,リーバイ・ストラウス　ジャパン(株),東証JQS,
9837,モリト(株),東証1部,
9842,アークランドサカモト(株),東証1部,
9843,(株)ニトリホールディングス,東証1部,
9845,(株)パーカーコーポレーション,東証2部,
9846,(株)天満屋ストア,東証2部,
9849,(株)共同紙販ホールディングス,東証JQS,
9850,(株)グルメ杵屋,東証1部,
9852,ＣＢグループマネジメント(株),東証JQS,
9853,(株)銀座ルノアール,東証JQS,
9854,愛眼(株),東証1部,
9856,(株)ケーユーホールディングス,東証1部,
9857,英和(株),東証2部,
9861,(株)吉野家ホールディングス,東証1部,
9867,ソレキア(株),東証JQS,
9869,加藤産業(株),東証1部,
9872,北恵(株),東証2部,
9873,日本ＫＦＣホールディングス(株),東証2部,
9876,(株)コックス,東証JQS,
9878,(株)セキド,東証2部,
9880,イノテック(株),東証1部,
9882,(株)イエローハット,東証1部,
9885,(株)シャルレ,東証2部,
9887,(株)松屋フーズ,東証1部,
9888,(株)ＵＥＸ,東証JQS,
9889,ＪＢＣＣホールディングス(株),東証1部,
9890,(株)マキヤ,東証JQS,
9895,(株)コンセック,東証JQS,
9896,ＪＫホールディングス(株),東証1部,
9899,(株)ジョリーパスタ,東証2部,
9900,(株)サガミチェーン,東証1部,
9902,(株)日伝,東証1部,
9903,(株)カンセキ,東証JQS,
9904,(株)ベリテ,東証2部,
9906,藤井産業(株),東証JQS,
9908,Ｄｅｎｋｅｉ,東証JQS,
9909,愛光電気(株),東証JQS,
9913,日邦産業(株),東証JQS,
9914,(株)植松商会,東証JQS,
9919,(株)関西スーパーマーケット,東証1部,
9924,(株)ドミー,名証2部,
9927,(株)ワットマン,東証JQS,
9928,(株)ミロク情報サービス,東証1部,
9929,平和紙業(株),東証2部,
9930,北沢産業(株),東証1部,
9932,杉本商事(株),東証1部,
9934,因幡電機産業(株),東証1部,
9936,(株)王将フードサービス,東証1部,
9941,太洋物産(株),東証JQS,
9942,(株)ジョイフル,福証,
9943,(株)ココスジャパン,東証JQS,
9945,(株)プレナス,東証1部,
9946,ミニストップ(株),東証1部,
9948,(株)アークス,東証1部,
9950,(株)ハチバン,東証JQS,
9955,(株)ヨンキュウ,東証JQS,
9956,(株)バローホールディングス,東証1部,
9957,(株)バイテックホールディングス,東証1部,
9959,アシードホールディングス(株),東証2部,
9960,東テク(株),東証2部,
9962,(株)ミスミグループ本社,東証1部,
9964,(株)アイ・テック,東証JQS,
9966,藤久(株),東証1部,
9967,堺商事(株),東証2部,
9969,(株)ショクブン,東証2部,
9972,アルテック(株),東証1部,
9973,(株)小僧寿し,東証JQS,
9974,(株)ベルク,東証1部,
9976,(株)セキチュー,東証JQS,
9977,(株)アオキスーパー,東証JQS,
9978,(株)文教堂グループホールディングス,東証JQS,
9979,(株)大庄,東証1部,
9980,マルコ(株),東証2部,
9982,タキヒヨー(株),東証1部,
9983,(株)ファーストリテイリング,東証1部,1
9984,ソフトバンクグループ(株),東証1部,1
9986,蔵王産業(株),東証1部,
9987,(株)スズケン,東証1部,
9989,(株)サンドラッグ,東証1部,
9990,(株)サックスバー　ホールディングス,東証1部,
9991,ジェコス(株),東証1部,
9992,(株)理研グリーン,東証JQS,
9993,(株)ヤマザワ,東証1部,
9994,(株)やまや,東証1部,
9995,(株)ルネサスイーストン,東証1部,
9996,(株)サトー商会,東証JQS,
9997,(株)ベルーナ,東証1部,
